tree_order,cluster_id,cluster_label,cluster_color,cluster_size,class,class_color,subclass,subclass_color,level2,level2_color,level3,level3_color,integrated,integrated_color,integrated_FINAL,integrated_FINAL_color,integrated_alias,orig_DNAm_cluster_id,orig_DNAm_cluster_name,DNAm_cluster_id,DNAm_cluster_name,DNAm_cluster_label,DNAm_cluster_color,ATAC_cluster_id,ATAC_cluster_label,ATAC_cluster_color,MTG_best_match,Notes,old_order,old_cluster_color
123,123,Astro L1-6 FGFR3 AQP1,#4f492f,119,Non-neuronal,#6D7A67,Astro,#665C47,Astrocyte,#696E50,Astrocyte,#696E50,N_7,#5A503F,Astro_1,#867E6E,ILA or fibrous astro,29,NonN_ASC,29,NonN_ASC,Astro L1-6 FGFR3 RNF219-AS1,#4f492f,39,Astro L1-6 FGFR3 AQP1,#4f492f,Astro L1-2 FGFR3 GFAP,Fibrous astro,121,#6B8059
124,124,Astro L1 FGFR3 SERPINI2,#5A503F,72,Non-neuronal,#6D7A67,Astro,#665C47,Astrocyte,#696E50,Astrocyte,#696E50,N_7,#5A503F,Astro_1,#675D48,ILA or fibrous astro,29,NonN_ASC,29,NonN_ASC,Astro L1-6 FGFR3 RNF219-AS1,#4f492f,37,Astro L1 FGFR3 SERPINI2,#5A503F,Astro L1-2 FGFR3 GFAP,Interlaminar (L1) astro,120,#655A47
125,125,Astro L1-6 FGFR3 PLCG1,#8D7C5D,377,Non-neuronal,#6D7A67,Astro,#665C47,Astrocyte,#696E50,Astrocyte,#696E50,N_2,#8D7C5D,Astro_2,#675D48,Protoplasmic astro,29,NonN_ASC,29,NonN_ASC,Astro L1-6 FGFR3 RNF219-AS1,#4f492f,38,Astro L1-6 FGFR3 PLCG1,#8D7C5D,Astro L1-6 FGFR3 SLC14A1,Protoplasmic astro,119,#645B45
72,72,Inh L1-6 PVALB COL15A1,#F4358B,288,GABAergic,#C95170,Pvalb,#D93137,MGE,#CE4D36,Pvalb,#DB3143,I_29,#FF197F,Chandelier,#F4358B,Chandelier,16,Inh_MGE_PVALB_UNC5B,16,Inh_MGE_PVALB_UNC5B,Inh L1-6 PVALB COL15A1,#F4358B,18,Inh L1-6 PVALB COL15A1,#F4358B,Inh L2-5 PVALB SCUBE3,,38,#FF197F
126,126,Endo L2-5 NOSTRIN SRGN,#8D6C62,64,Non-neuronal,#6D7A67,Endo,#8D6C62,Other NN,#99796B,Other NN,#99796B,N_6,#8D6A62,Endo,#8D6C62,,18,NonN_MGC-NonN-Mix_Other,18,NonN_MGC-NonN-Mix_Other,Glia L1-5 NOSTRIN MECOM,#8D6C62,43,Glia L1-5 NOSTRIN MECOM,#8D6C62,Endo L2-6 NOSTRIN,,126,#977B6A
73,73,Exc L2 LAMP5 KCNG3,#7aad22,261,Glutamatergic,#3EA185,L2/3 IT,#C4EC04,IT projecting,#3ECB88,IT projecting,#3ECB88,E_12,#00FF34,L2/3 IT,#C4EC04,,17,Exc_SupIT_SupExc_ST3GAL1,17,Exc_SupIT_SupExc_ST3GAL1,Exc L1-3 LAMP5 LINC00507,#7aad22,20,Exc L2 LAMP5 KCNG3,#7aad22,Exc L2-3 LINC00507 FREM3; Exc L2 LAMP5 LTK,,114,#7BE5AC
74,74,Exc L2 LINC00507 ATP7B,#c6ff1f,183,Glutamatergic,#3EA185,L2/3 IT,#C4EC04,IT projecting,#3ECB88,IT projecting,#3ECB88,E_3,#07D945,L2/3 IT,#C4EC04,,17,Exc_SupIT_SupExc_ST3GAL1,17,Exc_SupIT_SupExc_ST3GAL1,Exc L1-3 LAMP5 LINC00507,#7aad22,19,Exc L2 LINC00507 ATP7B,#c6ff1f,Exc L2-4 LINC00507 GLP2R,,91,#7AE3AC
75,75,Exc L2 LINC00507 GLRA3,#cecd32,12485,Glutamatergic,#3EA185,L2/3 IT,#C4EC04,IT projecting,#3ECB88,IT projecting,#3ECB88,E_3,#07D945,L2/3 IT,#C4EC04,,17,Exc_SupIT_SupExc_ST3GAL1,17,Exc_SupIT_SupExc_ST3GAL1,Exc L1-3 LAMP5 LINC00507,#7aad22,21,Exc L2 LINC00507 GLRA3,#cecd32,Exc L2-3 LINC00507 FREM3; Exc L2 LAMP5 LTK,,75,#78E6A8
76,76,Exc L2-3 RORB RTKN2,#c9ff3c,1211,Glutamatergic,#3EA185,L2/3 IT,#C4EC04,IT projecting,#3ECB88,IT projecting,#3ECB88,E_3,#07D945,L2/3 IT,#C4EC04,,17,Exc_SupIT_SupExc_ST3GAL1,17,Exc_SupIT_SupExc_ST3GAL1,Exc L1-3 LAMP5 LINC00507,#7aad22,27,Exc L2-3 RORB RTKN2,#c9ff3c,Exc L2-3 LINC00507 FREM3,,104,#7CE8AA
77,77,Exc L2-3 LINC00507 DSG3,#a0e400,1088,Glutamatergic,#3EA185,L2/3 IT,#C4EC04,IT projecting,#3ECB88,IT projecting,#3ECB88,E_13,#a0e400,L2/3 IT,#C4EC04,,17,Exc_SupIT_SupExc_ST3GAL1,17,Exc_SupIT_SupExc_ST3GAL1,Exc L1-3 LAMP5 LINC00507,#7aad22,23,Exc L2-3 LINC00507 DSG3,#a0e400,Exc L2-3 LINC00507 FREM3,,97,#7AE7AD
78,78,Exc L3 LAMP5 CARM1P1,#93d92b,4044,Glutamatergic,#3EA185,L2/3 IT,#C4EC04,IT projecting,#3ECB88,IT projecting,#3ECB88,E_13,#a0e400,L2/3 IT,#C4EC04,,17,Exc_SupIT_SupExc_ST3GAL1,17,Exc_SupIT_SupExc_ST3GAL1,Exc L1-3 LAMP5 LINC00507,#7aad22,22,Exc L3 LAMP5 MIR3976HG,#93d92b,Exc L2-3 LINC00507 FREM3,,102,#79E5AD
110,110,Exc L5 FEZF2 CSN1S1,#0D5D7E,150,Glutamatergic,#3EA185,L5 ET,#0D5B78,Non-IT projecting,#3E7782,Non-IT projecting,#3E7782,E_22,#0D5D7E,L5 ET_1,#407D94,L5 ET (Betz),27,Exc_DeepIT_BCL6,27,Exc_DeepIT_BCL6,Exc L3-5 FEZF2 LOC101929352,#0D5D7E,34,Exc L3-5 FEZF2 LOC101929352,#0D5D7E,Exc L4-5 FEZF2 SCN4B,,79,#0F4E00
111,111,Exc L3-5 FEZF2 ASGR2,#0A75B1,620,Glutamatergic,#3EA185,L5 ET,#0D5B78,Non-IT projecting,#3E7782,Non-IT projecting,#3E7782,E_4,#0B77A5,L5 ET_1,#407D94,L5 ET (Betz),27,Exc_DeepIT_BCL6,27,Exc_DeepIT_BCL6,Exc L3-5 FEZF2 LOC101929352,#0D5D7E,34,Exc L3-5 FEZF2 LOC101929352,#0D5D7E,Exc L4-5 FEZF2 SCN4B,,95,#125100
112,112,Exc L3-5 FEZF2 LINC01107,#0B77A5,88,Glutamatergic,#3EA185,L5 ET,#0D5B78,Non-IT projecting,#3E7782,Non-IT projecting,#3E7782,E_4,#0B77A5,L5 ET_2,#0F5C79,L5 ET (Betz),27,Exc_DeepIT_BCL6,27,Exc_DeepIT_BCL6,Exc L3-5 FEZF2 LOC101929352,#0D5D7E,34,Exc L3-5 FEZF2 LOC101929352,#0D5D7E,Exc L4-5 FEZF2 SCN4B,,112,#115102
80,80,Exc L2-3 RORB CCDC68,#b8eb62,3331,Glutamatergic,#3EA185,L2/3 IT,#C4EC04,IT projecting,#3ECB88,IT projecting,#3ECB88,E_18,#b8eb62,L5 IT_1,#75C2BE,,20,Exc_SupIT_SupExc_RORB,20,Exc_SupIT_SupExc_RORB,Exc L2-3 RORB LOC101927281,#b8eb62,28,Exc L2-3 RORB VIPR2,#b8eb62,Exc L3-4 RORB CARM1P1,,74,#00979D
81,81,Exc L2-3 RORB PTPN3,#b7ce00,1628,Glutamatergic,#3EA185,L2/3 IT,#C4EC04,IT projecting,#3ECB88,IT projecting,#3ECB88,E_18,#b8eb62,L5 IT_1,#75C2BE,,20 / 21,Exc_SupIT_SupExc_RORB / Exc_DeepIT_RORB,20,Exc_SupIT_SupExc_RORB,Exc L2-3 RORB LOC101927281,#b8eb62,28,Exc L2-3 RORB VIPR2,#b8eb62,Exc L3-4 RORB CARM1P1,,107,#0092C4
82,82,Exc L3 THEMIS ENPEP,#297c71,785,Glutamatergic,#3EA185,L5 IT,#50B2AD,IT projecting,#3ECB88,IT projecting,#3ECB88,E_5,#09CCC6,L5 IT_1,#75C2BE,,17,Exc_SupIT_SupExc_ST3GAL1,17,Exc_SupIT_SupExc_ST3GAL1,Exc L1-3 LAMP5 LINC00507,#7aad22,22,Exc L3 LAMP5 MIR3976HG,#93d92b,Exc L2-3 LINC00507 FREM3,,99,#7AE6A9
83,83,Exc L3-5 RORB TNNT2,#00bbc0,535,Glutamatergic,#3EA185,L5 IT,#50B2AD,IT projecting,#3ECB88,IT projecting,#3ECB88,E_10,#52B8AA,L5 IT_1,#75C2BE,,21,Exc_DeepIT_RORB,21,Exc_DeepIT_RORB,Exc L3-5 RORB COL22A1,#00bbc0,25,Exc L3-5 RORB COL22A1,#00bbc0,Exc L2-3 LINC00507 FREM3,,82,#A29822
84,84,Exc L3-5 RORB LAMA4,#73ede2,250,Glutamatergic,#3EA185,L5 IT,#50B2AD,IT projecting,#3ECB88,IT projecting,#3ECB88,E_5,#09CCC6,L5 IT_1,#75C2BE,,21,Exc_DeepIT_RORB,21,Exc_DeepIT_RORB,Exc L3-5 RORB COL22A1,#00bbc0,28,Exc L2-3 RORB VIPR2,#b8eb62,Exc L2-3 LINC00507 FREM3,,87,#0095C1
85,85,Exc L5 THEMIS VILL,#4ca8ac,216,Glutamatergic,#3EA185,L5 IT,#50B2AD,IT projecting,#3ECB88,IT projecting,#3ECB88,E_23,#4ca8ac,L5 IT_1,#75C2BE,,22,Exc_DeepIT_OPRK1,22,Exc_DeepIT_OPRK1,Exc L5-6 THEMIS SERPINF1,#4ca8ac,24,Exc L5-6 THEMIS TMEM18,#4ca8ac,Exc L5-6 THEMIS C1QL3,,76,#28BD65
86,86,Exc L3 RORB OTOGL,#91e6e9,2134,Glutamatergic,#3EA185,L5 IT,#50B2AD,IT projecting,#3ECB88,IT projecting,#3ECB88,E_10,#52B8AA,L5 IT_1,#75C2BE,,21,Exc_DeepIT_RORB,21,Exc_DeepIT_RORB,Exc L3-5 RORB COL22A1,#00bbc0,25,Exc L3-5 RORB COL22A1,#00bbc0,Exc L3-5 RORB COL22A1,,98,#77D9B7
87,87,Exc L3-5 RORB LINC01202,#547d7a,640,Glutamatergic,#3EA185,L5 IT,#50B2AD,IT projecting,#3ECB88,IT projecting,#3ECB88,E_19,#1AAB99,L5 IT_1,#75C2BE,,21,Exc_DeepIT_RORB,21,Exc_DeepIT_RORB,Exc L3-5 RORB COL22A1,#00bbc0,25,Exc L3-5 RORB COL22A1,#00bbc0,Exc L3-5 RORB ESR1,,108,#00DDC5
88,88,Exc L5 THEMIS SLC22A18,#99d5cb,1824,Glutamatergic,#3EA185,L5 IT,#50B2AD,IT projecting,#3ECB88,IT projecting,#3ECB88,E_8,#4A9F93,L5 IT_2,#51B2AD,,23,Exc_DeepIT_LRRK1,23,Exc_DeepIT_LRRK1,Exc L3-5 RORB LOC105374972,#99d5cb,29,Exc L3-5 RORB LOC105374972,#99d5cb,Exc L4-5 RORB FOLH1B,,80,#00A809
90,90,Exc L3-5 RORB LNX2,#01d9d5,4631,Glutamatergic,#3EA185,L5 IT,#50B2AD,IT projecting,#3ECB88,IT projecting,#3ECB88,E_14,#58D2C1,L5 IT_2,#51B2AD,,23,Exc_DeepIT_LRRK1,23,Exc_DeepIT_LRRK1,Exc L3-5 RORB LOC105374972,#99d5cb,29,Exc L3-5 RORB LOC105374972,#99d5cb,Exc L4-5 RORB FOLH1B,,84,#00A808
91,91,Exc L3-5 RORB RPRM,#7baaac,1231,Glutamatergic,#3EA185,L5 IT,#50B2AD,IT projecting,#3ECB88,IT projecting,#3ECB88,E_20,#7baaac,L5 IT_2,#51B2AD,,23,Exc_DeepIT_LRRK1,23,Exc_DeepIT_LRRK1,Exc L3-5 RORB LOC105374972,#99d5cb,29,Exc L3-5 RORB LOC105374972,#99d5cb,Exc L4-6 RORB SEMA3E,,101,#26FFF2
92,92,Exc L5 RORB MED8,#97c3c4,309,Glutamatergic,#3EA185,L5 IT,#50B2AD,IT projecting,#3ECB88,IT projecting,#3ECB88,E_15,#97c3c4,L5 IT_3,#408F8B,,21,Exc_DeepIT_RORB,21,Exc_DeepIT_RORB,Exc L3-5 RORB COL22A1,#00bbc0,25,Exc L3-5 RORB COL22A1,#00bbc0,Exc L4-6 RORB C1R,,113,#008F1F
93,93,Exc L5 THEMIS FGF10,#01aba7,147,Glutamatergic,#3EA185,L5 IT,#50B2AD,IT projecting,#3ECB88,IT projecting,#3ECB88,E_15,#97c3c4,L5 IT_3,#408F8B,,22,Exc_DeepIT_OPRK1,22,Exc_DeepIT_OPRK1,Exc L5-6 THEMIS SERPINF1,#4ca8ac,24,Exc L5-6 THEMIS TMEM18,#4ca8ac,Exc L5-6 RORB TTC12,,106,#24BE65
113,113,Exc L5 FEZF2 PKD2L1,#497d4b,280,Glutamatergic,#3EA185,L5/6 NP,#3E9E64,Non-IT projecting,#3ECB88,Non-IT projecting,#3ECB88,E_2,#48CB80,L5/6 NP,#3E9E64,,28,Exc_L6NP_TSHZ2,28,Exc_L6NP_TSHZ2,Exc L5-6 FEZF2 NPSR1-AS1,#497d4b,35,Exc L5-6 FEZF2 NPSR1-AS1,#497d4b,Exc L4-6 FEZF2 IL26,,83,#73C993
114,114,Exc L5 FEZF2 NREP-AS1,#3abe8b,229,Glutamatergic,#3EA185,L5/6 NP,#3E9E64,Non-IT projecting,#3ECB88,Non-IT projecting,#3ECB88,E_2,#48CB80,L5/6 NP,#3E9E64,,28,Exc_L6NP_TSHZ2,28,Exc_L6NP_TSHZ2,Exc L5-6 FEZF2 NPSR1-AS1,#497d4b,35,Exc L5-6 FEZF2 NPSR1-AS1,#497d4b,Exc L4-6 FEZF2 IL26,,81,#72CB96
115,115,Exc L5 FEZF2 RNF144A-AS1,#60ba66,108,Glutamatergic,#3EA185,L5/6 NP,#3E9E64,Non-IT projecting,#3ECB88,Non-IT projecting,#3ECB88,E_2,#48CB80,L5/6 NP,#3E9E64,,28,Exc_L6NP_TSHZ2,28,Exc_L6NP_TSHZ2,Exc L5-6 FEZF2 NPSR1-AS1,#497d4b,35,Exc L5-6 FEZF2 NPSR1-AS1,#497d4b,Exc L4-6 FEZF2 IL26,,105,#71C996
116,116,Exc L5-6 FEZF2 IFNG-AS1,#2c815f,753,Glutamatergic,#3EA185,L5/6 NP,#3E9E64,Non-IT projecting,#3ECB88,Non-IT projecting,#3ECB88,E_2,#48CB80,L5/6 NP,#3E9E64,,28,Exc_L6NP_TSHZ2,28,Exc_L6NP_TSHZ2,Exc L5-6 FEZF2 NPSR1-AS1,#497d4b,35,Exc L5-6 FEZF2 NPSR1-AS1,#497d4b,Exc L4-6 FEZF2 IL26,,78,#73CC94
117,117,Exc L5-6 FEZF2 LPO,#05996b,117,Glutamatergic,#3EA185,L5/6 NP,#3E9E64,Non-IT projecting,#3ECB88,Non-IT projecting,#3ECB88,E_24,#05996b,L5/6 NP,#3E9E64,,28,Exc_L6NP_TSHZ2,28,Exc_L6NP_TSHZ2,Exc L5-6 FEZF2 NPSR1-AS1,#497d4b,35,Exc L5-6 FEZF2 NPSR1-AS1,#497d4b,Exc L4-6 FEZF2 IL26,,100,#72CA97
98,98,Exc L5-6 FEZF2 OR1L8,#5e8099,263,Glutamatergic,#3EA185,L6 CT,#2D8CB8,Non-IT projecting,#3E7782,Non-IT projecting,#3E7782,E_7,#168577,L6 CT_1,#59A4C7,,25,Exc_DeepCT_FOXP2_SYT6,25,Exc_DeepCT_FOXP2_SYT6,Exc L5-6 FEZF2 LOC105371833,#5e8099,31,Exc L5-6 FEZF2 LOC105376596,#5e8099,Exc L5-6 FEZF2 ABO,,86,#1D6665
99,99,Exc L5 THEMIS LINC01116,#41c5fb,151,Glutamatergic,#3EA185,L6 CT,#2D8CB8,Non-IT projecting,#3E7782,Non-IT projecting,#3E7782,E_1,#338C5E,L6 CT_1,#59A4C7,,25,Exc_DeepCT_FOXP2_SYT6,25,Exc_DeepCT_FOXP2_SYT6,Exc L5-6 FEZF2 LOC105371833,#5e8099,31,Exc L5-6 FEZF2 LOC105376596,#5e8099,Exc L5-6 FEZF2 ABO,,103,#216768
100,100,Exc L5 THEMIS RGPD6,#1c657f,241,Glutamatergic,#3EA185,L6 CT,#2D8CB8,Non-IT projecting,#3E7782,Non-IT projecting,#3E7782,E_1,#338C5E,L6 CT_1,#59A4C7,,25,Exc_DeepCT_FOXP2_SYT6,25,Exc_DeepCT_FOXP2_SYT6,Exc L5-6 FEZF2 LOC105371833,#5e8099,31,Exc L5-6 FEZF2 LOC105376596,#5e8099,Exc L5-6 FEZF2 ABO,,73,#1E6668
102,102,Exc L5-6 FEZF2 FILIP1L,#2a84b9,318,Glutamatergic,#3EA185,L6 CT,#2D8CB8,Non-IT projecting,#3E7782,Non-IT projecting,#3E7782,E_1,#338C5E,L6 CT_1,#59A4C7,,25,Exc_DeepCT_FOXP2_SYT6,25,Exc_DeepCT_FOXP2_SYT6,Exc L5-6 FEZF2 LOC105371833,#5e8099,31,Exc L5-6 FEZF2 LOC105376596,#5e8099,Exc L5-6 FEZF2 ABO,,90,#1F6466
103,103,Exc L5-6 FEZF2 SH2D1B,#4aa9e7,159,Glutamatergic,#3EA185,L6 CT,#2D8CB8,Non-IT projecting,#3E7782,Non-IT projecting,#3E7782,E_1,#338C5E,L6 CT_1,#59A4C7,,25,Exc_DeepCT_FOXP2_SYT6,25,Exc_DeepCT_FOXP2_SYT6,Exc L5-6 FEZF2 LOC105371833,#5e8099,31,Exc L5-6 FEZF2 LOC105376596,#5e8099,Exc L5-6 FEZF2 ABO,,116,#1F6766
101,101,Exc L5-6 FEZF2 C9orf135-AS1,#8fb5ce,2602,Glutamatergic,#3EA185,L6 CT,#2D8CB8,Non-IT projecting,#3E7782,Non-IT projecting,#3E7782,E_7,#168577,L6 CT_2,#2F8DB8,,25,Exc_DeepCT_FOXP2_SYT6,25,Exc_DeepCT_FOXP2_SYT6,Exc L5-6 FEZF2 LOC105371833,#5e8099,32,Exc L5-6 FEZF2 C9orf135-AS1,#8fb5ce,Exc L5-6 FEZF2 ABO,,88,#1F6666
94,94,Exc L6 THEMIS LINC00343,#cdce31,905,Glutamatergic,#3EA185,L6 IT,#A19922,IT projecting,#3ECB88,IT projecting,#3ECB88,E_6,#B2AD23,L6 IT_1,#B4AE50,,22,Exc_DeepIT_OPRK1,22,Exc_DeepIT_OPRK1,Exc L5-6 THEMIS SERPINF1,#4ca8ac,26,Exc L6 THEMIS LINC00343,#cdce31,Exc L5-6 THEMIS C1QL3,,77,#A19A21
95,95,Exc L6 THEMIS SLN,#707b00,436,Glutamatergic,#3EA185,L6 IT,#A19922,IT projecting,#3ECB88,IT projecting,#3ECB88,E_6,#B2AD23,L6 IT_1,#B4AE50,,22,Exc_DeepIT_OPRK1,22,Exc_DeepIT_OPRK1,Exc L5-6 THEMIS SERPINF1,#4ca8ac,26,Exc L6 THEMIS LINC00343,#cdce31,Exc L5-6 THEMIS C1QL3,,96,#A09724
89,89,Exc L5-6 THEMIS TNFAIP6,#5fc5b6,1132,Glutamatergic,#3EA185,L5 IT,#50B2AD,IT projecting,#3ECB88,IT projecting,#3ECB88,E_8,#4A9F93,L6 IT_2,#A19A24,,22,Exc_DeepIT_OPRK1,22,Exc_DeepIT_OPRK1,Exc L5-6 THEMIS SERPINF1,#4ca8ac,24,Exc L5-6 THEMIS TMEM18,#4ca8ac,Exc L5-6 THEMIS C1QL3,,110,#A49B23
96,96,Exc L6 THEMIS SNTG2,#d0d161,488,Glutamatergic,#3EA185,L6 IT,#A19922,IT projecting,#3ECB88,IT projecting,#3ECB88,E_17,#52B4B8,L6 IT_2,#A19A24,,22,Exc_DeepIT_OPRK1,22,Exc_DeepIT_OPRK1,Exc L5-6 THEMIS SERPINF1,#4ca8ac,26,Exc L6 THEMIS LINC00343,#cdce31,Exc L5-6 THEMIS C1QL3,,94,#9F9B21
97,97,Exc L5-6 THEMIS SMYD1,#5100FF,327,Glutamatergic,#3EA185,L6 IT Car3,#5100FF,IT projecting,#3ECB88,IT projecting,#3ECB88,E_21,#5100FF,L6 IT_3,#827B1B,,24,Exc_DeepIT_OLFML2B,24,Exc_DeepIT_OLFML2B,Exc L5-6 THEMIS SMYD1,#5100FF,30,Exc L5-6 THEMIS SMYD1,#5100FF,Exc L5-6 THEMIS C1QL3; Exc L5-6 THEMIS CRABP1; Exc L5-6 THEMIS DCSTAMP,,93,#A19B20
104,104,Exc L6 FEZF2 PDYN,#22225c,22,Glutamatergic,#3EA185,L6b,#53377D,Non-IT projecting,#3E7782,Non-IT projecting,#3E7782,E_9,#46306A,L6b,#53377D,,26,Exc_DeepCT_FOXP2_AMOTL1,26,Exc_DeepCT_FOXP2_AMOTL1,Exc L6 FEZF2 NPFFR2,#22225c,33,Exc L6 FEZF2 NPFFR2,#22225c,Exc L6 FEZF2 OR2T8; Exc L6 FEZF2 SCUBE1,,115,#244766
105,105,Exc L6 FEZF2 FFAR4,#400855,106,Glutamatergic,#3EA185,L6b,#53377D,Non-IT projecting,#3E7782,Non-IT projecting,#3E7782,E_9,#46306A,L6b,#53377D,,26,Exc_DeepCT_FOXP2_AMOTL1,26,Exc_DeepCT_FOXP2_AMOTL1,Exc L6 FEZF2 NPFFR2,#22225c,33,Exc L6 FEZF2 NPFFR2,#22225c,Exc L5-6 FEZF2 IL15,,85,#34507E
106,106,Exc L6 FEZF2 PROKR2,#3e3492,72,Glutamatergic,#3EA185,L6b,#53377D,Non-IT projecting,#3E7782,Non-IT projecting,#3E7782,E_9,#46306A,L6b,#53377D,,26,Exc_DeepCT_FOXP2_AMOTL1,26,Exc_DeepCT_FOXP2_AMOTL1,Exc L6 FEZF2 NPFFR2,#22225c,33,Exc L6 FEZF2 NPFFR2,#22225c,Exc L6 FEZF2 OR2T8; Exc L6 FEZF2 SCUBE1,,89,#234466
107,107,Exc L5-6 FEZF2 CFTR,#836ca7,108,Glutamatergic,#3EA185,L6b,#53377D,Non-IT projecting,#3E7782,Non-IT projecting,#3E7782,E_11,#464576,L6b,#53377D,,26,Exc_DeepCT_FOXP2_AMOTL1,26,Exc_DeepCT_FOXP2_AMOTL1,Exc L6 FEZF2 NPFFR2,#22225c,33,Exc L6 FEZF2 NPFFR2,#22225c,Exc L5-6 FEZF2 EFTUD1P1,,111,#34537E
108,108,Exc L6 FEZF2 KLK7,#7568ce,1801,Glutamatergic,#3EA185,L6b,#53377D,Non-IT projecting,#3E7782,Non-IT projecting,#3E7782,E_11,#464576,L6b,#53377D,,26,Exc_DeepCT_FOXP2_AMOTL1,26,Exc_DeepCT_FOXP2_AMOTL1,Exc L6 FEZF2 NPFFR2,#22225c,33,Exc L6 FEZF2 NPFFR2,#22225c,Exc L5-6 FEZF2 EFTUD1P1,,109,#325181
109,109,Exc L6 FEZF2 POGK,#5d4eb0,127,Glutamatergic,#3EA185,L6b,#53377D,Non-IT projecting,#3E7782,Non-IT projecting,#3E7782,E_11,#464576,L6b,#53377D,,26,Exc_DeepCT_FOXP2_AMOTL1,26,Exc_DeepCT_FOXP2_AMOTL1,Exc L6 FEZF2 NPFFR2,#22225c,33,Exc L6 FEZF2 NPFFR2,#22225c,Exc L5-6 FEZF2 EFTUD1P1,,92,#31507F
1,1,Inh L1 LAMP5 PVRL2,#ad474f,94,GABAergic,#C95170,Lamp5,#DA808C,CGE/PoA,#C456AA,Lamp5/Other,#E37B97,I_23,#FF8C97,Lamp5_1,#E9B4BB,,0,Inh_CGE_LAMP5_PLD5,0,Inh_CGE_LAMP5_PLD5,Inh L1 LAMP5 LOC101927870,#ad474f,3,Inh L1-6 LAMP5 KIRREL,#ad474f,Inh L1-2 LAMP5 DBP,,61,#E47A71
2,2,Inh L1 LAMP5 RAB11FIP1,#ffa0a7,246,GABAergic,#C95170,Lamp5,#DA808C,CGE/PoA,#C456AA,Lamp5/Other,#E37B97,I_4,#FFA388,Lamp5_2,#E19AA4,Rosehip,0 / 1,Inh_CGE_LAMP5_PLD5 / Inh_CGE_LAMP5_IL1RAP,1,Inh_CGE_LAMP5_IL1RAP,Inh L1-6 LAMP5 CPLX3,#ffa0a7,3,Inh L1-6 LAMP5 KIRREL,#ad474f,Inh L1-4 LAMP5 LCP2,,68,#FEA286
3,3,Inh L1-6 LAMP5 AARD,#ff8aa8,1539,GABAergic,#C95170,Lamp5,#DA808C,CGE/PoA,#C456AA,Lamp5/Other,#E37B97,I_4,#FFA388,Lamp5_2,#E19AA4,Rosehip,1,Inh_CGE_LAMP5_IL1RAP,1,Inh_CGE_LAMP5_IL1RAP,Inh L1-6 LAMP5 CPLX3,#ffa0a7,3,Inh L1-6 LAMP5 KIRREL,#ad474f,Inh L1-4 LAMP5 LCP2,,34,#FEA48A
4,4,Inh L1-6 LAMP5 NES,#e96f73,419,GABAergic,#C95170,Lamp5,#DA808C,CGE/PoA,#C456AA,Lamp5/Other,#E37B97,I_4,#FFA388,Lamp5_2,#E19AA4,Rosehip,1,Inh_CGE_LAMP5_IL1RAP,1,Inh_CGE_LAMP5_IL1RAP,Inh L1-6 LAMP5 CPLX3,#ffa0a7,3,Inh L1-6 LAMP5 KIRREL,#ad474f,Inh L1-4 LAMP5 LCP2,,10,#FEA486
5,5,Inh L1-6 LAMP5 CA1,#a76b6a,465,GABAergic,#C95170,Lamp5,#DA808C,CGE/PoA,#C456AA,Lamp5/Other,#E37B97,I_15,#C77963,Lamp5_3,#DA818D,Lamp5 Lhx6,2,Inh_CGE_LAMP5_SFRP1,2,Inh_CGE_LAMP5_SFRP1,Inh L1-6 LAMP5 SFRP1,#a76b6a,3,Inh L1-6 LAMP5 KIRREL,#ad474f,Inh L2-6 LAMP5 CA1,,46,#C67B62
6,6,Inh L5-6 LAMP5 CRABP1,#bf7e7d,923,GABAergic,#C95170,Lamp5,#DA808C,CGE/PoA,#C456AA,Lamp5/Other,#E37B97,I_15,#C77963,Lamp5_3,#DA818D,Lamp5 Lhx6,2,Inh_CGE_LAMP5_SFRP1,2,Inh_CGE_LAMP5_SFRP1,Inh L1-6 LAMP5 SFRP1,#a76b6a,3,Inh L1-6 LAMP5 KIRREL,#ad474f,Inh L2-6 LAMP5 CA1,,14,#C77963
7,7,Inh L3-6 PAX6 LINC01497,#e09a99,84,GABAergic,#C95170,Lamp5,#DA808C,CGE/PoA,#C456AA,Lamp5/Other,#E37B97,I_44,#e09a99,Lamp5_4,#B06771,,3,Inh_CGE_VIP_WLS,3,Inh_CGE_VIP_WLS,Inh L1 GAD1 SP8,#e09a99,1,Inh L1 GAD1 SP8,#e09a99,Inh L1-2 PAX6 TNFAIP8L3,,64,#FF88AD
8,8,Inh L1 PAX6 MIR101-1,#9e515e,139,GABAergic,#C95170,Lamp5,#DA808C,CGE/PoA,#C456AA,Lamp5/Other,#E37B97,I_24,#DDACC9,Lamp5_4,#B06771,,3,Inh_CGE_VIP_WLS,3,Inh_CGE_VIP_WLS,Inh L1 GAD1 SP8,#e09a99,1,Inh L1 GAD1 SP8,#e09a99,Inh L1-2 PAX6 CDH12,,66,#DFABCB
14,14,Inh L1 LAMP5 BMP2,#c05675,352,GABAergic,#C95170,Lamp5,#DA808C,CGE/PoA,#C456AA,Lamp5/Other,#E37B97,I_12,#F08E98,Lamp5_5,#844D54,,0,Inh_CGE_LAMP5_PLD5,0,Inh_CGE_LAMP5_PLD5,Inh L1 LAMP5 LOC101927870,#ad474f,2,Inh L1 LAMP5 NDNF,#c05675,Inh L1 LAMP5 NMBR,,71,#E77A74
15,15,Inh L1 LAMP5 NMBR,#e2a9b0,193,GABAergic,#C95170,Lamp5,#DA808C,CGE/PoA,#C456AA,Lamp5/Other,#E37B97,I_12,#F08E98,Lamp5_5,#844D54,,0,Inh_CGE_LAMP5_PLD5,0,Inh_CGE_LAMP5_PLD5,Inh L1 LAMP5 LOC101927870,#ad474f,2,Inh L1 LAMP5 NDNF,#c05675,Inh L1 LAMP5 NMBR,,67,#E67C75
128,128,Micro L1-6 TYROBP CD74,#94AF97,108,Non-neuronal,#6D7A67,Micro-PVM,#94AF97,Micro-PVM,#598069,Micro-PVM,#598069,N_4,#6E7C6F,Microglia/PVM,#94AF97,,30,NonN_MGC-NonN-Mix_MGC,30,NonN_MGC-NonN-Mix_MGC,Micro L1-6 TYROBP CD74,#94AF97,42,Micro L1-6 TYROBP CD74,#94AF97,Micro L1-6 TYROBP,,128,#598069
79,79,Oligo L2-6 OPALIN MAP6D1,#387567,101,Non-neuronal,#6D7A67,Oligo,#2E3E39,Oligo-OPC,#598077,Oligo-OPC,#598077,N_11,#332F26,NA,NA,Peri-neuronal oligo?,19,NonN_ODC,19,NonN_ODC,Oligo-OPC L1-6 OPALIN PLP1,#387567,40,Oligo L2-6 OPALIN LOC101927459,#387567,NA,,117,#79E8AC
122,122,Oligo L3-6 OPALIN LRP4-AS1,#20725e,88,Non-neuronal,#6D7A67,Oligo,#2E3E39,Oligo-OPC,#598077,Oligo-OPC,#598077,N_1,#474662,NA,NA,,29,NonN_ASC,19,NonN_ODC,Oligo-OPC L1-6 OPALIN PLP1,#387567,41,Oligo L3-6 SLC1A3 LOC100506725,#1a3329,Oligo L1-6 OPALIN,Exclude,122,#496560
119,119,Oligo L3-6 OPALIN ENPP6,#1a3329,535,Non-neuronal,#6D7A67,Oligo,#2E3E39,Oligo-OPC,#598077,Oligo-OPC,#598077,N_1,#474662,Oligo_1,#5A6662,,19,NonN_ODC,19,NonN_ODC,Oligo-OPC L1-6 OPALIN PLP1,#387567,41,Oligo L3-6 SLC1A3 LOC100506725,#1a3329,Oligo L1-6 OPALIN,,125,#456561
120,120,Oligo L2-6 OPALIN FTH1P3,#003a28,2300,Non-neuronal,#6D7A67,Oligo,#2E3E39,Oligo-OPC,#598077,Oligo-OPC,#598077,N_1,#474662,Oligo_2,#303F3A,,19,NonN_ODC,19,NonN_ODC,Oligo-OPC L1-6 OPALIN PLP1,#387567,40,Oligo L2-6 OPALIN LOC101927459,#387567,Oligo L1-6 OPALIN,,124,#456560
121,121,Oligo L5-6 OPALIN LDLRAP1,#005444,6,Non-neuronal,#6D7A67,Oligo,#2E3E39,Oligo-OPC,#598077,Oligo-OPC,#598077,N_1,#474662,Oligo_2,#303F3A,,19,NonN_ODC,19,NonN_ODC,Oligo-OPC L1-6 OPALIN PLP1,#387567,41,Oligo L3-6 SLC1A3 LOC100506725,#1a3329,Oligo L1-6 OPALIN,,123,#486462
118,118,OPC L1-6 PDGFRA COL20A1,#446e5c,283,Non-neuronal,#6D7A67,OPC,#486159,Oligo-OPC,#598077,Oligo-OPC,#598077,N_5,#2E3E39,OPC,#486159,,N/A,N/A,19,NonN_ODC,Oligo-OPC L1-6 OPALIN PLP1,#387567,36,OPC L1-6 PDGFRA COL20A1,#446e5c,OPC L1-6 PDGFRA,,118,#6B998D
59,59,Inh L5-6 PVALB KCNIP2,#be3b40,108,GABAergic,#C95170,Pvalb,#D93137,MGE,#CE4D36,Pvalb,#DB3143,I_9,#C05661,Pvalb_1,#E15C61,,14,Inh_MGE_PVALB_FAM49A,14,Inh_MGE_PVALB_FAM49A,Inh L2-6 PVALB SIAH3,#be3b40,12,Inh L5-6 PVALB GULP1,#be3b40,Inh L5-6 SST MIR548F2,,44,#D7211C
60,60,Inh L5-6 PVALB ZFPM2-AS1,#be001e,563,GABAergic,#C95170,Pvalb,#D93137,MGE,#CE4D36,Pvalb,#DB3143,I_9,#C05661,Pvalb_1,#E15C61,,14,Inh_MGE_PVALB_FAM49A,14,Inh_MGE_PVALB_FAM49A,Inh L2-6 PVALB SIAH3,#be3b40,16,Inh L5-6 PVALB LINC01057,#be001e,Inh L5-6 SST MIR548F2,,35,#D7221B
61,61,Inh L3-5 PVALB ISG20,#b20536,254,GABAergic,#C95170,Pvalb,#D93137,MGE,#CE4D36,Pvalb,#DB3143,I_25,#BC4B11,Pvalb_1,#E15C61,,14,Inh_MGE_PVALB_FAM49A,14,Inh_MGE_PVALB_FAM49A,Inh L2-6 PVALB SIAH3,#be3b40,17,Inh L3-5 PVALB ISG20,#b20536,Inh L2−4 PVALB WFDC2,,6,#BC2B0F
62,62,Inh L5 PVALB LRIG3,#f25231,631,GABAergic,#C95170,Pvalb,#D93137,MGE,#CE4D36,Pvalb,#DB3143,I_21,#E62A5D,Pvalb_1,#E15C61,,15,Inh_MGE_PVALB_CHRM2,15,Inh_MGE_PVALB_CHRM2,Inh L5-6 PVALB WNT16,#f25231,16,Inh L5-6 PVALB LINC01057,#be001e,Inh L4-5 PVALB MEPE,,29,#974C01
63,63,Inh L2-5 PVALB HHIPL1,#b1331b,456,GABAergic,#C95170,Pvalb,#D93137,MGE,#CE4D36,Pvalb,#DB3143,I_3,#9C4165,Pvalb_1,#E15C61,,14,Inh_MGE_PVALB_FAM49A,14,Inh_MGE_PVALB_FAM49A,Inh L2-6 PVALB SIAH3,#be3b40,15,Inh L2-5 PVALB LOC105376919,#b1331b,Inh L2−4 PVALB WFDC2,,32,#BC2A10
64,64,Inh L2-5 PVALB RPH3AL,#d7003c,3253,GABAergic,#C95170,Pvalb,#D93137,MGE,#CE4D36,Pvalb,#DB3143,I_3,#9C4165,Pvalb_1,#E15C61,,14,Inh_MGE_PVALB_FAM49A,14,Inh_MGE_PVALB_FAM49A,Inh L2-6 PVALB SIAH3,#be3b40,15,Inh L2-5 PVALB LOC105376919,#b1331b,Inh L2−4 PVALB WFDC2; Inh L4−6 PVALB SULF1,,17,#BA2C13
65,65,Inh L3 PVALB SAMD13,#ed6d5a,1326,GABAergic,#C95170,Pvalb,#D93137,MGE,#CE4D36,Pvalb,#DB3143,I_3,#9C4165,Pvalb_1,#E15C61,,14,Inh_MGE_PVALB_FAM49A,14,Inh_MGE_PVALB_FAM49A,Inh L2-6 PVALB SIAH3,#be3b40,15,Inh L2-5 PVALB LOC105376919,#b1331b,Inh L2-4 PVALB WFDC2,,15,#BA2C11
66,66,Inh L1-2 PVALB CDK20,#eb2222,123,GABAergic,#C95170,Pvalb,#D93137,MGE,#CE4D36,Pvalb,#DB3143,I_5,#B6411E,Pvalb_1,#E15C61,,14,Inh_MGE_PVALB_FAM49A,14,Inh_MGE_PVALB_FAM49A,Inh L2-6 PVALB SIAH3,#be3b40,15,Inh L2-5 PVALB LOC105376919,#b1331b,Inh L2-4 PVALB WFDC2,,57,#BE2B12
67,67,Inh L2 PVALB FRZB,#ff5d68,107,GABAergic,#C95170,Pvalb,#D93137,MGE,#CE4D36,Pvalb,#DB3143,I_5,#B6411E,Pvalb_1,#E15C61,,14,Inh_MGE_PVALB_FAM49A,14,Inh_MGE_PVALB_FAM49A,Inh L2-6 PVALB SIAH3,#be3b40,15,Inh L2-5 PVALB LOC105376919,#b1331b,Inh L2-4 PVALB WFDC2,,30,#BC2B11
68,68,Inh L1-2 SST CLIC6,#f26969,194,GABAergic,#C95170,Pvalb,#D93137,MGE,#CE4D36,Pvalb,#DB3143,I_43,#f26969,Pvalb_1,#E15C61,,11,Inh_MGE_SST_THSD7A,11,Inh_MGE_SST_THSD7A,Inh L1-5 SST AHR,#FFEA00,14,Inh L1-3 SST LOC392232,#ffb82f,Inh L2-4 SST FRZB,,42,#FD534E
69,69,Inh L5-6 PVALB GAPDHP60,#ff4a3f,138,GABAergic,#C95170,Pvalb,#D93137,MGE,#CE4D36,Pvalb,#DB3143,I_30,#A81111,Pvalb_2,#D93339,,15,Inh_MGE_PVALB_CHRM2,15,Inh_MGE_PVALB_CHRM2,Inh L5-6 PVALB WNT16,#f25231,12,Inh L5-6 PVALB GULP1,#be3b40,Inh L5-6 LHX6 GLP1R,,20,#FF2F7E
70,70,Inh L5-6 PVALB FAM150B,#d5314c,111,GABAergic,#C95170,Pvalb,#D93137,MGE,#CE4D36,Pvalb,#DB3143,I_35,#d5314c,Pvalb_2,#D93339,,15,Inh_MGE_PVALB_CHRM2,15,Inh_MGE_PVALB_CHRM2,Inh L5-6 PVALB WNT16,#f25231,12,Inh L5-6 PVALB GULP1,#be3b40,Inh L5-6 PVALB LGR5,,3,#ED4C50
71,71,Inh L5-6 PVALB MEPE,#ff5d53,230,GABAergic,#C95170,Pvalb,#D93137,MGE,#CE4D36,Pvalb,#DB3143,I_35,#d5314c,Pvalb_2,#D93339,,15,Inh_MGE_PVALB_CHRM2,15,Inh_MGE_PVALB_CHRM2,Inh L5-6 PVALB WNT16,#f25231,12,Inh L5-6 PVALB GULP1,#be3b40,Inh L5-6 PVALB LGR5,,1,#9B4C00
9,9,Inh L1 PAX6 CHRFAM7A,#891ea8,185,GABAergic,#C95170,Sncg,#D633FF,CGE/PoA,#C456AA,Vip/Sncg,#A531BD,I_14,#FF88AD,Sncg_1,#DE5EFF,,3,Inh_CGE_VIP_WLS,3,Inh_CGE_VIP_WLS,Inh L1 GAD1 SP8,#e09a99,1,Inh L1 GAD1 SP8,#e09a99,Inh L1-2 VIP TSPAN12,,56,#DFADCA
10,10,Inh L1-6 VIP SLC7A6OS,#a11397,61,GABAergic,#C95170,Sncg,#D633FF,CGE/PoA,#C456AA,Vip/Sncg,#A531BD,I_34,#7E0ACB,Sncg_1,#DE5EFF,,3,Inh_CGE_VIP_WLS,3,Inh_CGE_VIP_WLS,Inh L1 GAD1 SP8,#e09a99,1,Inh L1 GAD1 SP8,#e09a99,Inh L1-3 VIP SYT6,,60,#DCABC9
11,11,Inh L2 PAX6 FREM2,#c86eff,108,GABAergic,#C95170,Sncg,#D633FF,CGE/PoA,#C456AA,Vip/Sncg,#A531BD,I_39,#9440F3,Sncg_2,#D635FF,,3,Inh_CGE_VIP_WLS,3,Inh_CGE_VIP_WLS,Inh L1 GAD1 SP8,#e09a99,1,Inh L1 GAD1 SP8,#e09a99,Inh L1-3 VIP SYT6,,65,#9900B3
12,12,Inh L1-2 VIP HTR3A,#e354d5,42,GABAergic,#C95170,Sncg,#D633FF,CGE/PoA,#C456AA,Vip/Sncg,#A531BD,I_26,#9611B6,Sncg_3,#AC29CE,,3,Inh_CGE_VIP_WLS,3,Inh_CGE_VIP_WLS,Inh L1 GAD1 SP8,#e09a99,1,Inh L1 GAD1 SP8,#e09a99,Inh L1-3 VIP SYT6,,70,#AF01E4
13,13,Inh L1-2 VIP WNT4,#8647d2,52,GABAergic,#C95170,Sncg,#D633FF,CGE/PoA,#C456AA,Vip/Sncg,#A531BD,I_26,#9611B6,Sncg_3,#AC29CE,,3,Inh_CGE_VIP_WLS,3,Inh_CGE_VIP_WLS,Inh L1 GAD1 SP8,#e09a99,1,Inh L1 GAD1 SP8,#e09a99,Inh L1-3 VIP SYT6,,69,#7A0099
16,16,Inh L1 PVALB SST ASIC4,#b579f6,186,GABAergic,#C95170,Sncg,#D633FF,CGE/PoA,#C456AA,Vip/Sncg,#A531BD,I_14,#FF88AD,Sncg_4,#811E9A,,4,Inh_CGE_VIP_RXRG,4,Inh_CGE_VIP_RXRG,Inh L1 GAD1 NDST4,#b579f6,4,Inh L1 GAD1 NDST4,#b579f6,Inh L1-2 ADARB2 MC4R,,50,#FF7290
17,17,Inh L1 SST P4HA3,#9045b9,38,GABAergic,#C95170,Sncg,#D633FF,CGE/PoA,#C456AA,Vip/Sncg,#A531BD,I_14,#FF88AD,Sncg_4,#811E9A,,4,Inh_CGE_VIP_RXRG,4,Inh_CGE_VIP_RXRG,Inh L1 GAD1 NDST4,#b579f6,4,Inh L1 GAD1 NDST4,#b579f6,Inh L1 SST CHRNA4,,72,#DD6091
18,18,Inh L1 SST DEFB108B,#c100c7,223,GABAergic,#C95170,Sncg,#D633FF,CGE/PoA,#C456AA,Vip/Sncg,#A531BD,I_31,#c100c7,Sncg_4,#811E9A,,4,Inh_CGE_VIP_RXRG,4,Inh_CGE_VIP_RXRG,Inh L1 GAD1 NDST4,#b579f6,4,Inh L1 GAD1 NDST4,#b579f6,Inh L1-2 SST BAGE2,,55,#9440F3
40,40,Inh L1-6 SST NPY,#FFEA00,67,GABAergic,#C95170,Sst Chodl,#FFEA00,MGE,#CE4D36,Sst,#C06829,I_38,#FFFF00,Sst Chodl,#FFEA00,Long-range projecting Sst,11,Inh_MGE_SST_THSD7A,11,Inh_MGE_SST_THSD7A,Inh L1-5 SST AHR,#FFEA00,8,Inh L1-6 SST NPY,#FFEA00,Inh L3-6 SST NPY,,59,#FFDA50
41,41,Inh L3-5 SST CDH3,#f97e13,81,GABAergic,#C95170,Sst,#FF9900,MGE,#CE4D36,Sst,#C06829,I_6,#FFB307,Sst_1,#FFC369,,12,Inh_MGE_SST_NIPAL3,12,Inh_MGE_SST_NIPAL3,Inh L5-6 SST DCN,#f97e13,9,Inh L3-5 SST EDNRA,#f97e13,Inh L4-6 SST B3GAT2; Inh L3-6 SST HPGD,,31,#FFBD33
42,42,Inh L5 SST RPL35AP11,#faaa00,764,GABAergic,#C95170,Sst,#FF9900,MGE,#CE4D36,Sst,#C06829,I_6,#FFB307,Sst_1,#FFC369,,12,Inh_MGE_SST_NIPAL3,12,Inh_MGE_SST_NIPAL3,Inh L5-6 SST DCN,#f97e13,9,Inh L3-5 SST EDNRA,#f97e13,Inh L4-6 SST B3GAT2; Inh L3-6 SST HPGD,,28,#FFBA34
43,43,Inh L5-6 SST ISX,#cc7b00,394,GABAergic,#C95170,Sst,#FF9900,MGE,#CE4D36,Sst,#C06829,I_6,#FFB307,Sst_2,#FFAE36,,12,Inh_MGE_SST_NIPAL3,12,Inh_MGE_SST_NIPAL3,Inh L5-6 SST DCN,#f97e13,10,Inh L5-6 SST LOC101929667,#cc7b00,Inh L4-6 SST B3GAT2; Inh L3-6 SST HPGD,,45,#FDBA31
44,44,Inh L5-6 PVALB SST CRHR2,#ff913c,218,GABAergic,#C95170,Sst,#FF9900,MGE,#CE4D36,Sst,#C06829,I_7,#FF9F2C,Sst_2,#FFAE36,,12,Inh_MGE_SST_NIPAL3,12,Inh_MGE_SST_NIPAL3,Inh L5-6 SST DCN,#f97e13,9,Inh L3-5 SST EDNRA,#f97e13,Inh L4-6 SST B3GAT2; Inh L3-6 SST HPGD,,5,#D9C566
45,45,Inh L3-5 SST OR5AH1P,#e67500,242,GABAergic,#C95170,Sst,#FF9900,MGE,#CE4D36,Sst,#C06829,I_7,#FF9F2C,Sst_2,#FFAE36,,12,Inh_MGE_SST_NIPAL3,12,Inh_MGE_SST_NIPAL3,Inh L5-6 SST DCN,#f97e13,9,Inh L3-5 SST EDNRA,#f97e13,Inh L4-6 SST B3GAT2; Inh L3-6 SST HPGD,,39,#FEB934
46,46,Inh L3-5 SST GGTLC3,#f4b028,1154,GABAergic,#C95170,Sst,#FF9900,MGE,#CE4D36,Sst,#C06829,I_8,#CDB115,Sst_3,#FFA41C,,11,Inh_MGE_SST_THSD7A,11,Inh_MGE_SST_THSD7A,Inh L1-5 SST AHR,#FFEA00,9,Inh L3-5 SST EDNRA,#f97e13,Inh L3-5 SST ADGRG6; Inh L4-5 SST STK32A,,37,#7F4611
47,47,Inh L2-3 SST NMU,#ffb82f,419,GABAergic,#C95170,Sst,#FF9900,MGE,#CE4D36,Sst,#C06829,I_37,#ffb82f,Sst_3,#FFA41C,,11,Inh_MGE_SST_THSD7A,11,Inh_MGE_SST_THSD7A,Inh L1-5 SST AHR,#FFEA00,14,Inh L1-3 SST LOC392232,#ffb82f,Inh L2-4 SST FRZB,,13,#FF544D
50,50,Inh L1-2 SST CCNJL,#fb8d00,320,GABAergic,#C95170,Sst,#FF9900,MGE,#CE4D36,Sst,#C06829,I_17,#784F14,Sst_3,#FFA41C,,11,Inh_MGE_SST_THSD7A,11,Inh_MGE_SST_THSD7A,Inh L1-5 SST AHR,#FFEA00,13,Inh L1-3 SST LOC105379168,#fb8d00,Inh L1-3 SST CALB1,,25,#C0490C
51,51,Inh L1-3 SST FAM20A,#d46909,1069,GABAergic,#C95170,Sst,#FF9900,MGE,#CE4D36,Sst,#C06829,I_13,#D2A328,Sst_3,#FFA41C,,11,Inh_MGE_SST_THSD7A,11,Inh_MGE_SST_THSD7A,Inh L1-5 SST AHR,#FFEA00,13,Inh L1-3 SST LOC105379168,#fb8d00,Inh L1-3 SST CALB1,,43,#824813
52,52,Inh L1-2 SST PRRT4,#eaa931,376,GABAergic,#C95170,Sst,#FF9900,MGE,#CE4D36,Sst,#C06829,I_32,#eaa931,Sst_3,#FFA41C,,11,Inh_MGE_SST_THSD7A,11,Inh_MGE_SST_THSD7A,Inh L1-5 SST AHR,#FFEA00,13,Inh L1-3 SST LOC105379168,#fb8d00,Inh L1-3 SST CALB1,,58,#BE4A0E
48,48,Inh L5-6 SST PAWR,#e07f00,194,GABAergic,#C95170,Sst,#FF9900,MGE,#CE4D36,Sst,#C06829,I_10,#BE8652,Sst_4,#FF9A02,,13,Inh_MGE_SST_CLMP,13,Inh_MGE_SST_CLMP,Inh L5-6 SST KIAA1644,#e07f00,10,Inh L5-6 SST LOC101929667,#cc7b00,Inh L5-6 SST KLHDC8A,,26,#FFBA32
49,49,Inh L5-6 SST PIK3CD,#f19c00,129,GABAergic,#C95170,Sst,#FF9900,MGE,#CE4D36,Sst,#C06829,I_10,#BE8652,Sst_4,#FF9A02,,13,Inh_MGE_SST_CLMP,13,Inh_MGE_SST_CLMP,Inh L5-6 SST KIAA1644,#e07f00,9,Inh L3-5 SST EDNRA,#f97e13,Inh L5-6 SST KLHDC8A,,49,#C11331
53,53,Inh L5-6 SST BEAN1,#c88300,76,GABAergic,#C95170,Sst,#FF9900,MGE,#CE4D36,Sst,#C06829,I_1,#802600,Sst_5,#E78B00,,13,Inh_MGE_SST_CLMP,13,Inh_MGE_SST_CLMP,Inh L5-6 SST KIAA1644,#e07f00,11,Inh L5-6 SST EBPL,#c88300,Inh L5-6 SST NPM1P10,,27,#D7201F
54,54,Inh L5-6 SST DNAJC14,#de9200,35,GABAergic,#C95170,Sst,#FF9900,MGE,#CE4D36,Sst,#C06829,I_1,#802600,Sst_5,#E78B00,,13,Inh_MGE_SST_CLMP,13,Inh_MGE_SST_CLMP,Inh L5-6 SST KIAA1644,#e07f00,11,Inh L5-6 SST EBPL,#c88300,Inh L5-6 SST NPM1P10,,40,#D7221C
55,55,Inh L5-6 SST C4orf26,#ff8d1d,93,GABAergic,#C95170,Sst,#FF9900,MGE,#CE4D36,Sst,#C06829,I_1,#802600,Sst_6,#CE7B00,,13,Inh_MGE_SST_CLMP,13,Inh_MGE_SST_CLMP,Inh L5-6 SST KIAA1644,#e07f00,10,Inh L5-6 SST LOC101929667,#cc7b00,Inh L5-6 SST NPM1P10,,24,#BF821B
56,56,Inh L5-6 SST FBN2,#f99e3b,100,GABAergic,#C95170,Sst,#FF9900,MGE,#CE4D36,Sst,#C06829,I_1,#802600,Sst_6,#CE7B00,,13,Inh_MGE_SST_CLMP,13,Inh_MGE_SST_CLMP,Inh L5-6 SST KIAA1644,#e07f00,10,Inh L5-6 SST LOC101929667,#cc7b00,Inh L5-6 SST NPM1P10,,21,#C1831A
57,57,Inh L5-6 SST KLHL1,#ffa834,188,GABAergic,#C95170,Sst,#FF9900,MGE,#CE4D36,Sst,#C06829,I_1,#802600,Sst_6,#CE7B00,,13,Inh_MGE_SST_CLMP,13,Inh_MGE_SST_CLMP,Inh L5-6 SST KIAA1644,#e07f00,10,Inh L5-6 SST LOC101929667,#cc7b00,Inh L4-6 SST GXYLT2,,12,#802600
58,58,Inh L6 SST TH,#df8d23,84,GABAergic,#C95170,Sst,#FF9900,MGE,#CE4D36,Sst,#C06829,I_40,#9B211B,Sst_7,#9A5C00,,13,Inh_MGE_SST_CLMP,13,Inh_MGE_SST_CLMP,Inh L5-6 SST KIAA1644,#e07f00,11,Inh L5-6 SST EBPL,#c88300,Inh L5-6 SST TH,,18,#A81111
19,19,Inh L1-3 VIP CBLN1,#dca0ff,464,GABAergic,#C95170,Vip,#B864CC,CGE/PoA,#C456AA,Vip/Sncg,#A531BD,I_2,#FF00FF,Vip_1,#D5A4E1,,5,Inh_CGE_VIP_PREX1,5,Inh_CGE_VIP_PREX1,Inh L1-3 VIP CCDC184,#dca0ff,6,Inh L1-5 VIP KCNJ2,#dca0ff,Inh L2-4 VIP CBLN1,,48,#756FB3
20,20,Inh L1-2 VIP EXPH5,#a00097,509,GABAergic,#C95170,Vip,#B864CC,CGE/PoA,#C456AA,Vip/Sncg,#A531BD,I_2,#FF00FF,Vip_1,#D5A4E1,,5,Inh_CGE_VIP_PREX1,5,Inh_CGE_VIP_PREX1,Inh L1-3 VIP CCDC184,#dca0ff,6,Inh L1-5 VIP KCNJ2,#dca0ff,Inh L1-3 VIP CHRM2,,33,#9EABFE
21,21,Inh L1-3 VIP HSPB6,#733fb0,396,GABAergic,#C95170,Vip,#B864CC,CGE/PoA,#C456AA,Vip/Sncg,#A531BD,I_2,#FF00FF,Vip_1,#D5A4E1,,5,Inh_CGE_VIP_PREX1,5,Inh_CGE_VIP_PREX1,Inh L1-3 VIP CCDC184,#dca0ff,5,Inh L1-6 VIP IQGAP2,#733fb0,Inh L1-3 VIP GGH,,41,#A1A9FF
22,22,Inh L1-2 VIP PTGER3,#e7a3f4,84,GABAergic,#C95170,Vip,#B864CC,CGE/PoA,#C456AA,Vip/Sncg,#A531BD,I_16,#AB379C,Vip_2,#C784D6,,6,Inh_CGE_VIP_EDNRA,6,Inh_CGE_VIP_EDNRA,Inh L1-3 VIP NPR3,#e7a3f4,7,Inh L1-3 VIP NPR3,#e7a3f4,Inh L1-2 VIP LBH; Inh L2−3 VIP CASC6; Inh L1-3 VIP CCDC184,,36,#B100E8
23,23,Inh L1-2 VIP SCML4,#8e27ad,128,GABAergic,#C95170,Vip,#B864CC,CGE/PoA,#C456AA,Vip/Sncg,#A531BD,I_16,#AB379C,Vip_2,#C784D6,,6,Inh_CGE_VIP_EDNRA,6,Inh_CGE_VIP_EDNRA,Inh L1-3 VIP NPR3,#e7a3f4,7,Inh L1-3 VIP NPR3,#e7a3f4,Inh L1-2 VIP LBH; Inh L2−3 VIP CASC6; Inh L1-3 VIP CCDC184,,62,#9B3080
24,24,Inh L1-3 VIP FNDC1,#ef8fe2,111,GABAergic,#C95170,Vip,#B864CC,CGE/PoA,#C456AA,Vip/Sncg,#A531BD,I_16,#AB379C,Vip_2,#C784D6,,6,Inh_CGE_VIP_EDNRA,6,Inh_CGE_VIP_EDNRA,Inh L1-3 VIP NPR3,#e7a3f4,7,Inh L1-3 VIP NPR3,#e7a3f4,Inh L1-2 VIP LBH; Inh L2−3 VIP CASC6; Inh L1-3 VIP CCDC184,,54,#FF00B3
25,25,Inh L1-3 VIP CHRNA2,#9237bb,310,GABAergic,#C95170,Vip,#B864CC,CGE/PoA,#C456AA,Vip/Sncg,#A531BD,I_19,#992E81,Vip_2,#C784D6,,6,Inh_CGE_VIP_EDNRA,6,Inh_CGE_VIP_EDNRA,Inh L1-3 VIP NPR3,#e7a3f4,7,Inh L1-3 VIP NPR3,#e7a3f4,Inh L2-4 VIP SPAG17; Inh L1-4 VIP OPRM1,,2,#9F219D
26,26,Inh L2 VIP SLC6A16,#774ea2,288,GABAergic,#C95170,Vip,#B864CC,CGE/PoA,#C456AA,Vip/Sncg,#A531BD,I_41,#774ea2,Vip_2,#C784D6,,6,Inh_CGE_VIP_EDNRA,6,Inh_CGE_VIP_EDNRA,Inh L1-3 VIP NPR3,#e7a3f4,7,Inh L1-3 VIP NPR3,#e7a3f4,Inh L1−4 VIP CHRNA6,,22,#982D81
27,27,Inh L1 VIP KLHDC8B,#d395ff,95,GABAergic,#C95170,Vip,#B864CC,CGE/PoA,#C456AA,Vip/Sncg,#A531BD,I_22,#BD3D9A,Vip_2,#C784D6,,7,Inh_CGE_VIP_CDH6,7,Inh_CGE_VIP_CDH6,Inh L1-5 VIP NOX4,#d395ff,5,Inh L1-6 VIP IQGAP2,#733fb0,Inh L1-2 VIP PCDH20,,63,#BD3D9A
28,28,Inh L3-5 VIP IGDCC3,#b249cd,390,GABAergic,#C95170,Vip,#B864CC,CGE/PoA,#C456AA,Vip/Sncg,#A531BD,I_22,#BD3D9A,Vip_2,#C784D6,,7 / 8,Inh_CGE_VIP_CDH6 / Inh_CGE_VIP_WSCD1,7,Inh_CGE_VIP_CDH6,Inh L1-5 VIP NOX4,#d395ff,5,Inh L1-6 VIP IQGAP2,#733fb0,Inh L2-5 VIP TYR,,23,#FF4DC1
39,39,Inh L3-5 VIP TAC3,#9d73c6,367,GABAergic,#C95170,Vip,#B864CC,CGE/PoA,#C456AA,Vip/Sncg,#A531BD,I_33,#9d73c6,Vip_2,#C784D6,,8,Inh_CGE_VIP_WSCD1,8,Inh_CGE_VIP_WSCD1,Inh L3-5 VIP LOC101929231,#c46db9,6,Inh L1-5 VIP KCNJ2,#dca0ff,Inh L2-5 VIP SERPINF1,,4,#B09FFF
29,29,Inh L1-5 VIP SMOC1,#b462e9,638,GABAergic,#C95170,Vip,#B864CC,CGE/PoA,#C456AA,Vip/Sncg,#A531BD,I_18,#FF4DC1,Vip_3,#B865CC,,9,Inh_CGE_VIP_GALNT14,9,Inh_CGE_VIP_GALNT14,Inh L1-6 VIP ABI3BP,#b462e9,5,Inh L1-6 VIP IQGAP2,#733fb0,Inh L3-6 VIP HS3ST3A1; Inh L2-6 VIP QPCT,,8,#FD00FE
30,30,Inh L3-5 VIP HS3ST3A1,#b589de,225,GABAergic,#C95170,Vip,#B864CC,CGE/PoA,#C456AA,Vip/Sncg,#A531BD,I_20,#b589de,Vip_3,#B865CC,,9,Inh_CGE_VIP_GALNT14,9,Inh_CGE_VIP_GALNT14,Inh L1-6 VIP ABI3BP,#b462e9,5,Inh L1-6 VIP IQGAP2,#733fb0,Inh L3-6 VIP HS3ST3A1; Inh L2-6 VIP QPCT,,9,#FF01FF
31,31,Inh L5-6 VIP COL4A3,#b884ed,89,GABAergic,#C95170,Vip,#B864CC,CGE/PoA,#C456AA,Vip/Sncg,#A531BD,I_20,#b589de,Vip_3,#B865CC,,9,Inh_CGE_VIP_GALNT14,9,Inh_CGE_VIP_GALNT14,Inh L1-6 VIP ABI3BP,#b462e9,5,Inh L1-6 VIP IQGAP2,#733fb0,Inh L3-6 VIP HS3ST3A1; Inh L2-6 VIP QPCT,,7,#FF02FF
32,32,Inh L1-5 VIP CD27-AS1,#e87ddb,67,GABAergic,#C95170,Vip,#B864CC,CGE/PoA,#C456AA,Vip/Sncg,#A531BD,I_36,#e87ddb,Vip_3,#B865CC,,9,Inh_CGE_VIP_GALNT14,9,Inh_CGE_VIP_GALNT14,Inh L1-6 VIP ABI3BP,#b462e9,5,Inh L1-6 VIP IQGAP2,#733fb0,Inh L3-6 VIP HS3ST3A1; Inh L2-6 VIP QPCT,,53,#FD00FF
33,33,Inh L2-5 VIP BSPRY,#e491ff,85,GABAergic,#C95170,Vip,#B864CC,CGE/PoA,#C456AA,Vip/Sncg,#A531BD,I_20,#b589de,Vip_3,#B865CC,,9,Inh_CGE_VIP_GALNT14,9,Inh_CGE_VIP_GALNT14,Inh L1-6 VIP ABI3BP,#b462e9,5,Inh L1-6 VIP IQGAP2,#733fb0,Inh L3-6 VIP HS3ST3A1; Inh L2-6 VIP QPCT,,52,#FE00FF
34,34,Inh L2-5 VIP SOX11,#862f91,116,GABAergic,#C95170,Vip,#B864CC,CGE/PoA,#C456AA,Vip/Sncg,#A531BD,I_11,#7779BF,Vip_4,#9450A4,,10,Inh_CGE_VIP_MIX,10,Inh_CGE_VIP_MIX,Inh L2-6 VIP PENK,#862f91,5,Inh L1-6 VIP IQGAP2,#733fb0,Inh L1-3 VIP ADAMTSL1; Inh L1-4 VIP PENK,,51,#757BC0
35,35,Inh L3-6 VIP ZIM2-AS1,#b478f5,146,GABAergic,#C95170,Vip,#B864CC,CGE/PoA,#C456AA,Vip/Sncg,#A531BD,I_11,#7779BF,Vip_4,#9450A4,,10,Inh_CGE_VIP_MIX,10,Inh_CGE_VIP_MIX,Inh L2-6 VIP PENK,#862f91,5,Inh L1-6 VIP IQGAP2,#733fb0,Inh L1-3 VIP ADAMTSL1; Inh L1-4 VIP PENK,,16,#3C3D73
36,36,Inh L1-5 VIP PHLDB3,#c46db9,92,GABAergic,#C95170,Vip,#B864CC,CGE/PoA,#C456AA,Vip/Sncg,#A531BD,I_36,#e87ddb,Vip_4,#9450A4,,8,Inh_CGE_VIP_WSCD1,8,Inh_CGE_VIP_WSCD1,Inh L3-5 VIP LOC101929231,#c46db9,5,Inh L1-6 VIP IQGAP2,#733fb0,Inh L1-3 VIP ADAMTSL1; Inh L1-4 VIP PENK,,47,#777BC0
37,37,Inh L1-5 VIP LINC01013,#9148cd,127,GABAergic,#C95170,Vip,#B864CC,CGE/PoA,#C456AA,Vip/Sncg,#A531BD,I_11,#7779BF,Vip_4,#9450A4,,8,Inh_CGE_VIP_WSCD1,8,Inh_CGE_VIP_WSCD1,Inh L3-5 VIP LOC101929231,#c46db9,5,Inh L1-6 VIP IQGAP2,#733fb0,Inh L1-3 VIP ADAMTSL1; Inh L1-4 VIP PENK,,11,#7877C0
38,38,Inh L3-6 VIP UG0898H09,#b146a6,131,GABAergic,#C95170,Vip,#B864CC,CGE/PoA,#C456AA,Vip/Sncg,#A531BD,I_36,#e87ddb,Vip_4,#9450A4,,8,Inh_CGE_VIP_WSCD1,8,Inh_CGE_VIP_WSCD1,Inh L3-5 VIP LOC101929231,#c46db9,5,Inh L1-6 VIP IQGAP2,#733fb0,Inh L1-3 VIP ADAMTSL1; Inh L1-4 VIP PENK,,19,#7879BF
127,127,VLMC L1-5 PDGFRA COLEC12,#697255,40,Non-neuronal,#6D7A67,VLMC,#697255,Other NN,#99796B,Other NN,#99796B,N_3,#3B3F32,VLMC,#697255,,18,NonN_MGC-NonN-Mix_Other,18,NonN_MGC-NonN-Mix_Other,Glia L1-5 NOSTRIN MECOM,#8D6C62,43,Glia L1-5 NOSTRIN MECOM,#8D6C62,Endo L2-6 NOSTRIN,,127,#997A69