tree_order,Zizen's new cluster_ids,cluster_id,cluster_label,cluster_color,cluster_size,class,class_color,subclass,subclass_color,level2,level2_color,level3,level3_color,integrated,integrated_color,integrated_FINAL,integrated_FINAL_color,integrated_alias,DNAm_cluster_id,DNAm_cluster_name,old_DNAm_cluster_id,old_remap?,old_new cluster?,DNAm_cluster_label,DNAm_cluster_color,ATAC_cluster_id,ATAC_cluster_label,ATAC_cluster_color,VISp_ALM_best_match,Notes
1,1,1,Lamp5 Pax6,#DDACC9,112,GABAergic,#C95170,Lamp5,#DA808C,CGE/PoA,#C456AA,Lamp5/Other,#E37B97,I_24,#DDACC9,Lamp5_4,#B06771,,0,CGE-VipNdnf_Pex5l,CGE-VipNdnf_Pex5l,,,Lamp5 Chrna7,#DDACC9,Lamp5_Ndnf,Lamp5 Ndnf,#DDACC9,Lamp5 Krt73,
2,2,2,Lamp5 Egln3_1,#FF88AD,96,GABAergic,#C95170,Lamp5,#DA808C,CGE/PoA,#C456AA,Lamp5/Other,#E37B97,I_14,#FF88AD,Sncg_4,#811E9A,,0,CGE-VipNdnf_Pex5l,CGE-VipNdnf_Pex5l,,,Lamp5 Chrna7,#DDACC9,Lamp5_Ndnf,Lamp5 Ndnf,#DDACC9,Lamp5 Fam19a1 Pax6,
3,3,3,Lamp5 Egln3_2,#DD8091,157,GABAergic,#C95170,Lamp5,#DA808C,CGE/PoA,#C456AA,Lamp5/Other,#E37B97,I_42,#DD8091,Lamp5_5,#844D54,,0,CGE-VipNdnf_Pex5l,CGE-VipNdnf_Pex5l,,,Lamp5 Chrna7,#DDACC9,Lamp5_Ndnf,Lamp5 Ndnf,#DDACC9,Lamp5 Fam19a1 Tmem182,
4,4,4,Lamp5 Egln3_3,#F08E98,249,GABAergic,#C95170,Lamp5,#DA808C,CGE/PoA,#C456AA,Lamp5/Other,#E37B97,I_12,#F08E98,Lamp5_5,#844D54,,1,CGE-VipNdnf_Lamp5-Ndnf,CGE-VipNdnf_Lamp5-Ndnf,,,Lamp5 Ndnf,#F08E98,Lamp5_Ndnf,Lamp5 Ndnf,#DDACC9,Lamp5 Ntn1 Npy2r,
5,5,5,Lamp5 Pdlim5_1,#FF7290,252,GABAergic,#C95170,Lamp5,#DA808C,CGE/PoA,#C456AA,Lamp5/Other,#E37B97,I_12,#F08E98,Lamp5_1,#E9B4BB,,1,CGE-VipNdnf_Lamp5-Ndnf,CGE-VipNdnf_Lamp5-Ndnf,,,Lamp5 Ndnf,#F08E98,Lamp5_Ndnf,Lamp5 Ndnf,#DDACC9,Lamp5 Plch2 Dock5,
6,6,6,Lamp5 Pdlim5_2,#FF8C97,420,GABAergic,#C95170,Lamp5,#DA808C,CGE/PoA,#C456AA,Lamp5/Other,#E37B97,I_23,#FF8C97,Lamp5_2,#E19AA4,,1,CGE-VipNdnf_Lamp5-Ndnf,CGE-VipNdnf_Lamp5-Ndnf,,,Lamp5 Ndnf,#F08E98,Lamp5_Arhgdib,Lamp5 Arhgdib,#FF8C97,Lamp5 Plch2 Dock5,
7,7,7,Lamp5 Slc35d3,#FFA388,1044,GABAergic,#C95170,Lamp5,#DA808C,CGE/PoA,#C456AA,Lamp5/Other,#E37B97,I_4,#FFA388,Lamp5_2,#E19AA4,Rosehip,2,CGE-VipNdnf_Lamp5-Unc5d,CGE-VipNdnf_Lamp5-Unc5d,,Rosehip,Lamp5 Asph,#FFA388,Lamp5_Smad3,Lamp5 Slc35d3,#FFA388,Lamp5 Lsp1,
8,8,8,Lamp5 Lhx6,#C77963,148,GABAergic,#C95170,Lamp5,#DA808C,CGE/PoA,#C456AA,Lamp5/Other,#E37B97,I_15,#C77963,Lamp5_3,#DA818D,Lamp5 Lhx6,2,CGE-VipNdnf_Lamp5-Unc5d,CGE-VipNdnf_Lamp5-Unc5d,,Lamp5 Lhx6,Lamp5 Asph,#FFA388,Lamp5_Mettl21e,Lamp5 Lhx6,#C77963,Lamp5 Lhx6,
9,9,9,Sncg Col14a1,#7E0ACB,108,GABAergic,#C95170,Sncg,#D633FF,CGE/PoA,#C456AA,Vip/Sncg,#A531BD,I_34,#7E0ACB,Sncg_2,#D635FF,,3,CGE-VipNdnf_Vip-Unc5b,CGE-VipNdnf_Vip-Unc5b,,,Sncg Frem1,#7E0ACB,Sncg,Sncg,#7E0ACB,Sncg Vip Itih5,
10,10,10,Sncg Slc17a8,#9440F3,97,GABAergic,#C95170,Sncg,#D633FF,CGE/PoA,#C456AA,Vip/Sncg,#A531BD,I_39,#9440F3,Sncg_2,#D635FF,,3,CGE-VipNdnf_Vip-Unc5b,CGE-VipNdnf_Vip-Unc5b,,,Sncg Frem1,#7E0ACB,Sncg,Sncg,#7E0ACB,Sncg Slc17a8,
11,11,11,Sncg Calb1_1,#9611B6,85,GABAergic,#C95170,Sncg,#D633FF,CGE/PoA,#C456AA,Vip/Sncg,#A531BD,I_26,#9611B6,Sncg_3,#AC29CE,,3,CGE-VipNdnf_Vip-Unc5b,CGE-VipNdnf_Vip-Unc5b,,,Sncg Frem1,#7E0ACB,Sncg,Sncg,#7E0ACB,Sncg Gpr50,
12,12,12,Sncg Calb1_2,#9900B3,37,GABAergic,#C95170,Sncg,#D633FF,CGE/PoA,#C456AA,Vip/Sncg,#A531BD,I_26,#9611B6,Sncg_3,#AC29CE,,3,CGE-VipNdnf_Vip-Unc5b,CGE-VipNdnf_Vip-Unc5b,,,Sncg Frem1,#7E0ACB,Sncg,Sncg,#7E0ACB,Sncg Gpr50,
13,13,13,Sncg Npy2r,#7A0099,151,GABAergic,#C95170,Sncg,#D633FF,CGE/PoA,#C456AA,Vip/Sncg,#A531BD,I_26,#9611B6,Sncg_3,#AC29CE,,3,CGE-VipNdnf_Vip-Unc5b,CGE-VipNdnf_Vip-Unc5b,,,Sncg Frem1,#7E0ACB,Sncg,Sncg,#7E0ACB,Sncg Vip Nptx2,
14,14,14,Vip Sncg,#AA4DB5,81,GABAergic,#C95170,Sncg,#D633FF,CGE/PoA,#C456AA,Vip/Sncg,#A531BD,I_14,#FF88AD,Sncg_1,#DE5EFF,,3,CGE-VipNdnf_Vip-Unc5b,CGE-VipNdnf_Vip-Unc5b,,,Sncg Frem1,#7E0ACB,Sncg,Sncg,#7E0ACB,Vip Col15a1 Pde1a,
15,15,15,Vip Serpinf1_1,#A720FF,40,GABAergic,#C95170,Vip,#B864CC,CGE/PoA,#C456AA,Vip/Sncg,#A531BD,I_27,#A720FF,Vip_3,#B865CC,,4,CGE-VipNdnf_Vip-Ano4,CGE-VipNdnf_Vip-Ano4,,,Vip Wnt5b,#A720FF,Vip_Hcls1,Vip Hcls1,#A720FF,Vip Lmo1 Fam159b,
16,16,16,Vip Serpinf1_2,#AB1DFF,135,GABAergic,#C95170,Vip,#B864CC,CGE/PoA,#C456AA,Vip/Sncg,#A531BD,I_34,#7E0ACB,Sncg_1,#DE5EFF,,5,CGE-VipNdnf_Vip-Sorcs1,CGE-VipNdnf_Vip-Sorcs1,,,Vip Tac2,#AB1DFF,Vip_Hcls1,Vip Hcls1,#A720FF,Serpinf1 Clrn1,
17,17,17,Vip Serpinf1_3,#FF5FCD,41,GABAergic,#C95170,Vip,#B864CC,CGE/PoA,#C456AA,Vip/Sncg,#A531BD,I_34,#7E0ACB,Vip_2,#C784D6,,5,CGE-VipNdnf_Vip-Sorcs1,CGE-VipNdnf_Lamp5-Unc5d,CGE-VipNdnf_Vip-Sorcs1,,Vip Tac2,#AB1DFF,Vip_Hcls1,Vip Hcls1,#A720FF,Serpinf1 Aqp5 Vip,
18,18,18,Vip Htr1f,#FF4DC1,339,GABAergic,#C95170,Vip,#B864CC,CGE/PoA,#C456AA,Vip/Sncg,#A531BD,I_18,#FF4DC1,Vip_2,#C784D6,,5,CGE-VipNdnf_Vip-Sorcs1,CGE-VipNdnf_Vip-Sorcs1,,,Vip Tac2,#AB1DFF,Vip_Hcls1,Vip Hcls1,#A720FF,Vip Chat Htr1f,
19,19,19,Vip Gpc3,#B09FFF,229,GABAergic,#C95170,Vip,#B864CC,CGE/PoA,#C456AA,Vip/Sncg,#A531BD,I_27,#A720FF,Vip_3,#B865CC,,6,CGE-VipNdnf_Vip-Prr16,CGE-VipNdnf_Vip-Prr16,,,Vip Crh,#B09FFF,Vip_Lipg,Vip Lipg,#B09FFF,Vip Gpc3 Slc18a3; Vip Arhgap36 Hmcn1,
20,20,20,Vip C1ql1,#BD3D9A,284,GABAergic,#C95170,Vip,#B864CC,CGE/PoA,#C456AA,Vip/Sncg,#A531BD,I_22,#BD3D9A,Vip_2,#C784D6,,6,CGE-VipNdnf_Vip-Prr16,CGE-VipNdnf_Vip-Prr16,,,Vip Crh,#B09FFF,Vip_Lipg,Vip Lipg,#B09FFF,Vip Pygm C1ql1,
22,21,22,Vip Mybpc1_1,#F70CF3,126,GABAergic,#C95170,Vip,#B864CC,CGE/PoA,#C456AA,Vip/Sncg,#A531BD,I_18,#FF4DC1,Vip_3,#B865CC,,4,CGE-VipNdnf_Vip-Ano4,CGE-VipNdnf_Vip-Ano4,,,Vip Wnt5b,#A720FF,Vip_Gcnt4,Vip Gcnt4,#992E81,Vip Crispld2 Htr2c; Vip Crispld2 Kcne4,
21,22,21,Vip Mybpc1_2,#992E81,416,GABAergic,#C95170,Vip,#B864CC,CGE/PoA,#C456AA,Vip/Sncg,#A531BD,I_19,#992E81,Vip_2,#C784D6,,4,CGE-VipNdnf_Vip-Ano4,CGE-VipNdnf_Vip-Ano4,,,Vip Wnt5b,#A720FF,Vip_Gcnt4,Vip Gcnt4,#992E81,Vip Lmo1 Myl1,
24,23,24,Vip Mybpc1_3,#AB379C,153,GABAergic,#C95170,Vip,#B864CC,CGE/PoA,#C456AA,Vip/Sncg,#A531BD,I_16,#AB379C,Vip_1,#D5A4E1,,4,CGE-VipNdnf_Vip-Ano4,CGE-VipNdnf_Vip-Ano4,,,Vip Wnt5b,#A720FF,Vip_Chat,Vip Chat,#FF00FF,Vip Igfbp4 Mab21l1; Vip Lect1 Oxtr,
23,24,23,Vip Chat_1,#FF00FF,561,GABAergic,#C95170,Vip,#B864CC,CGE/PoA,#C456AA,Vip/Sncg,#A531BD,I_2,#FF00FF,Vip_1,#D5A4E1,,4,CGE-VipNdnf_Vip-Ano4,CGE-VipNdnf_Vip-Ano4,,,Vip Wnt5b,#A720FF,Vip_Chat,Vip Chat,#FF00FF,Vip Ptprt Pkp2,
25,25,25,Vip Chat_2,#B3128A,177,GABAergic,#C95170,Vip,#B864CC,CGE/PoA,#C456AA,Vip/Sncg,#A531BD,I_2,#FF00FF,Vip_1,#D5A4E1,,4,CGE-VipNdnf_Vip-Ano4,CGE-VipNdnf_Vip-Ano4,,,Vip Wnt5b,#A720FF,Vip_Chat,Vip Chat,#FF00FF,Vip Rspo4 Rxfp1 Chat; Vip Rspo1 Itga4,
26,26,26,Vip Igfbp6_1,#7779BF,185,GABAergic,#C95170,Vip,#B864CC,CGE/PoA,#C456AA,Vip/Sncg,#A531BD,I_11,#7779BF,Vip_4,#9450A4,,6,CGE-VipNdnf_Vip-Prr16,CGE-VipNdnf_Vip-Prr16,,,Vip Crh,#B09FFF,Vip_Lipg,Vip Lipg,#B09FFF,Vip Igfbp6 Pltp,
27,27,27,Vip Igfbp6_2,#626EB8,144,GABAergic,#C95170,Vip,#B864CC,CGE/PoA,#C456AA,Vip/Sncg,#A531BD,I_11,#7779BF,Vip_4,#9450A4,,6,CGE-VipNdnf_Vip-Prr16,CGE-VipNdnf_Vip-Prr16,,,Vip Crh,#B09FFF,Vip_Lipg,Vip Lipg,#B09FFF,Vip Igfbp6 Car10,
28,28,28,Sst Chodl,#FFFF00,164,GABAergic,#C95170,Sst Chodl,#FFEA00,MGE,#CE4D36,Sst,#C06829,I_38,#FFFF00,Sst Chodl,#FFEA00,Long-range projecting Sst,7,MGE-Sst_Chodl,MGE-Sst_Chodl,,,Sst Chodl,#FFFF00,Chodl,Sst Chodl,#FFFF00,Sst Chodl,
29,29,29,Sst Penk,#FF8011,97,GABAergic,#C95170,Sst,#FF9900,MGE,#CE4D36,Sst,#C06829,I_45,#FF8011,Sst_2,#FFAE36,,8,MGE-Sst_Gfra2,MGE-Sst_Gfra2,,,Sst Scg5,#FF8011,Sst_Chrna2_Myh8,Sst Myh8,#FF8011,Sst Myh8 Fibin,
30,30,30,Sst Myh8_1,#FF9F2C,556,GABAergic,#C95170,Sst,#FF9900,MGE,#CE4D36,Sst,#C06829,I_7,#FF9F2C,Sst_2,#FFAE36,,8,MGE-Sst_Gfra2,MGE-Sst_Gfra2,,,Sst Scg5,#FF8011,Sst_Chrna2_Myh8,Sst Myh8,#FF8011,Sst Chrna2 Glra3,
31,31,31,Sst Myh8_2,#FFB307,116,GABAergic,#C95170,Sst,#FF9900,MGE,#CE4D36,Sst,#C06829,I_6,#FFB307,Sst_1,#FFC369,,8,MGE-Sst_Gfra2,MGE-Sst_Gfra2,,,Sst Scg5,#FF8011,Sst_Chrna2_Myh8,Sst Myh8,#FF8011,Sst Chrna2 Ptgdr,
32,32,32,Sst Myh8_3,#FFBF09,72,GABAergic,#C95170,Sst,#FF9900,MGE,#CE4D36,Sst,#C06829,I_6,#FFB307,Sst_1,#FFC369,,8,MGE-Sst_Gfra2,MGE-Sst,,,Sst Scg5,#FF8011,Sst_Chrna2_Myh8,Sst Myh8,#FF8011,Sst Tac2 Myh4,
33,33,33,Sst Htr1a,#BFAF00,130,GABAergic,#C95170,Sst,#FF9900,MGE,#CE4D36,Sst,#C06829,I_6,#FFB307,Sst_1,#FFC369,,9,MGE-Sst_Prep,MGE-Sst,,,Sst Htr1a,#BFAF00,Sst_Chrna2_Myh8,Sst Myh8,#FF8011,Sst Hpse Sema3c,
34,34,34,Sst Etv1,#FFB22B,65,GABAergic,#C95170,Sst,#FF9900,MGE,#CE4D36,Sst,#C06829,I_7,#FF9F2C,Sst_2,#FFAE36,,10,MGE-Sst_Whrn,MGE-Sst_Whrn,,,Sst Kirrel3,#FFB22B,Sst_Man1a,Sst Man1a,#FFB22B,Sst Myh8 Etv1,
35,35,35,Sst Pvalb Etv1,#D9C566,71,GABAergic,#C95170,Sst,#FF9900,MGE,#CE4D36,Sst,#C06829,I_7,#FF9F2C,Sst_3,#FFA41C,,10,MGE-Sst_Whrn,MGE-Sst_Whrn,,,Sst Kirrel3,#FFB22B,Sst_Man1a,Sst Man1a,#FFB22B,Sst Nr2f2 Necab1,
36,36,36,Sst Crhr2_1,#BE8652,322,GABAergic,#C95170,Sst,#FF9900,MGE,#CE4D36,Sst,#C06829,I_10,#BE8652,Sst_3,#FFA41C,,11,MGE-Sst_Srrm4,MGE-Sst_Srrm4,,,Sst Rbp4,#BE8652,Sst_Stk33,Sst Stk33,#BE8652,Sst Crhr2 Efemp1; Sst Crh 4930553C11Rik,
37,37,37,Sst Crhr2_2,#B0993C,214,GABAergic,#C95170,Sst,#FF9900,MGE,#CE4D36,Sst,#C06829,I_10,#BE8652,Sst_4,#FF9A02,,11,MGE-Sst_Srrm4,MGE-Sst_Srrm4,,,Sst Rbp4,#BE8652,Sst_Stk33,Sst Stk33,#BE8652,Sst Esm1,
38,38,38,Sst Hpse,#CDB115,498,GABAergic,#C95170,Sst,#FF9900,MGE,#CE4D36,Sst,#C06829,I_8,#CDB115,Sst_3,#FFA41C,,12,MGE-Sst_Daam2,MGE-Sst,,,Sst Pcdh11x,#CDB115,Sst_Man1a,Sst Man1a,#FFB22B,Sst Hpse Cbln4,
39,39,39,Sst Calb2,#D2A328,716,GABAergic,#C95170,Sst,#FF9900,MGE,#CE4D36,Sst,#C06829,I_13,#D2A328,Sst_3,#FFA41C,,12,MGE-Sst_Daam2,MGE-Sst,,,Sst Pcdh11x,#CDB115,Sst_Man1a,Sst Man1a,#FFB22B,Sst Calb2 Pdlim5,
41,40,41,Sst Pvalb Calb2,#784F14,654,GABAergic,#C95170,Sst,#FF9900,MGE,#CE4D36,Sst,#C06829,I_17,#784F14,Sst_3,#FFA41C,,8,MGE-Sst_Gfra2,MGE-Sst_Gfra2,,,Sst Scg5,#FF8011,Sst_Man1a,Sst Man1a,#FFB22B,NA,
40,41,40,Sst Pappa,#635821,16,GABAergic,#C95170,Sst,#FF9900,MGE,#CE4D36,Sst,#C06829,I_13,#D2A328,Sst_3,#FFA41C,,12,MGE-Sst_Daam2,MGE-Sst_Whrn,,,Sst Pcdh11x,#CDB115,Sst_Man1a,Sst Man1a,#FFB22B,Sst Mme Fam114a1; Sst Tac1 Htr1d; Sst Tac1 Tacr3; Sst Calb2 Necab1,
42,42,42,Sst C1ql3_1,#802600,189,GABAergic,#C95170,Sst,#FF9900,MGE,#CE4D36,Sst,#C06829,I_1,#802600,Sst_5,#E78B00,,13,MGE-Sst_Kcnip4,MGE-Sst_Kcnip4,,,Sst 9630002D21Rik,#802600,Sst_Stk33,Sst Stk33,#BE8652,Sst Rxfp1 Eya1,
43,43,43,Sst C1ql3_2,#8A2B1A,130,GABAergic,#C95170,Sst,#FF9900,MGE,#CE4D36,Sst,#C06829,I_1,#802600,Sst_6,#CE7B00,,13,MGE-Sst_Kcnip4,MGE-Sst_Kcnip4,,,Sst 9630002D21Rik,#802600,Sst_Stk33,Sst Stk33,#BE8652,Sst Tac2 Tacstd2,
44,44,44,Sst Tac2,#804600,92,GABAergic,#C95170,Sst,#FF9900,MGE,#CE4D36,Sst,#C06829,I_1,#802600,Sst_6,#CE7B00,,13,MGE-Sst_Kcnip4,MGE-Sst_Kcnip4,,,Sst 9630002D21Rik,#802600,Sst_Stk33,Sst Stk33,#BE8652,Sst Tac2 Tacstd2,
45,45,45,Sst Th_1,#8C6012,59,GABAergic,#C95170,Sst,#FF9900,MGE,#CE4D36,Sst,#C06829,I_1,#802600,Sst_6,#CE7B00,,13,MGE-Sst_Kcnip4,MGE-Sst_Kcnip4,,,Sst 9630002D21Rik,#802600,Sst_Stk33,Sst Stk33,#BE8652,Sst Rxfp1 Prdm8,
46,46,46,Sst Th_2,#A81111,21,GABAergic,#C95170,Sst,#FF9900,MGE,#CE4D36,Sst,#C06829,I_30,#A81111,Pvalb_1,#E15C61,,11,MGE-Sst_Srrm4,MGE-Sst,,,Sst Rbp4,#BE8652,Sst_Stk33,Sst Stk33,#BE8652,Sst Nts,
47,47,47,Sst Th_3,#9B211B,70,GABAergic,#C95170,Sst,#FF9900,MGE,#CE4D36,Sst,#C06829,I_40,#9B211B,Sst_7,#9A5C00,,11,MGE-Sst_Srrm4,MGE-Sst_Srrm4,,,Sst Rbp4,#BE8652,Sst_Stk33,Sst Stk33,#BE8652,Sst Nts,
48,48,48,Pvalb Gabrg1,#ED4C50,244,GABAergic,#C95170,Pvalb,#D93137,MGE,#CE4D36,Pvalb,#DB3143,I_30,#A81111,Pvalb_2,#D93339,,14,MGE-Pvalb_Cnih3,MGE-Sst_Srrm4,,,Pvalb Tac1,#ED4C50,Pv_Ntf3_Trim63,Pvalb Ntf3,#ED4C50,Pvalb Gabrg1; Pvalb Th Sst,
49,49,49,Pvalb Egfem1,#C05661,205,GABAergic,#C95170,Pvalb,#D93137,MGE,#CE4D36,Pvalb,#DB3143,I_9,#C05661,Pvalb_2,#D93339,,14,MGE-Pvalb_Cnih3,MGE-Pvalb_Cnih3,,,Pvalb Tac1,#ED4C50,Pv_Ntf3_Trim63,Pvalb Ntf3,#ED4C50,Pvalb Akr1c18 Ntf3,
50,50,50,Pvalb Gpr149,#E62A5D,734,GABAergic,#C95170,Pvalb,#D93137,MGE,#CE4D36,Pvalb,#DB3143,I_21,#E62A5D,Pvalb_1,#E15C61,,15,MGE-Pvalb_Man2a1,MGE-Pvalb_Man2a1,,,Pvalb Gpr149,#E62A5D,Pv_Ntf3_Trim63,Pvalb Ntf3,#ED4C50,Pvalb Gpr149 Islr,
51,51,51,Pvalb Kank4,#BC4B11,609,GABAergic,#C95170,Pvalb,#D93137,MGE,#CE4D36,Pvalb,#DB3143,I_25,#BC4B11,Pvalb_1,#E15C61,,14,MGE-Pvalb_Cnih3,MGE-Pvalb_Cnih3,,,Pvalb Tac1,#ED4C50,Pv_Ntf3_Trim63,Pvalb Ntf3,#ED4C50,Pvalb Sema3e Kank4,
52,52,52,Pvalb Calb1_1,#B6411E,98,GABAergic,#C95170,Pvalb,#D93137,MGE,#CE4D36,Pvalb,#DB3143,I_5,#B6411E,Pvalb_1,#E15C61,,14,MGE-Pvalb_Cnih3,MGE-Pvalb_Cnih3,,,Pvalb Tac1,#ED4C50,Pv_Ntf3_Trim63,Pvalb Ntf3,#ED4C50,Pvalb Calb1 Sst,
53,53,53,Pvalb Calb1_2,#BC2D71,667,GABAergic,#C95170,Pvalb,#D93137,MGE,#CE4D36,Pvalb,#DB3143,I_5,#B6411E,Pvalb_1,#E15C61,,14,MGE-Pvalb_Cnih3,MGE-Pvalb,,,Pvalb Tac1,#ED4C50,Pv_Ntf3_Trim63,Pvalb Ntf3,#ED4C50,Pvalb Reln Tac1,
54,54,54,Pvalb Reln,#9C4165,1500,GABAergic,#C95170,Pvalb,#D93137,MGE,#CE4D36,Pvalb,#DB3143,I_3,#9C4165,Pvalb_1,#E15C61,,16,MGE-Pvalb_Chrna7,MGE-Pvalb_Chrna7,,,Pvalb Plxnc1,#9C4165,Pv_Tac1,Pvalb Tac1,#9C4165,Pvalb Reln Itm2a,
55,55,55,Pvalb Il1rapl2,#BC2C41,1475,GABAergic,#C95170,Pvalb,#D93137,MGE,#CE4D36,Pvalb,#DB3143,I_5,#B6411E,Pvalb_1,#E15C61,,16,MGE-Pvalb_Chrna7,MGE-Pvalb_Chrna7,,,Pvalb Plxnc1,#9C4165,Pv_Tac1,Pvalb Tac1,#9C4165,Pvalb Tpbg,
56,56,56,Pvalb Vipr2_1,#FF197F,9,GABAergic,#C95170,Pvalb,#D93137,MGE,#CE4D36,Pvalb,#DB3143,I_29,#FF197F,Chandelier,#F4358B,Chandelier,17,MGE-Pvalb_Unc5b,MGE-Sst_Srrm4,MGE-Pvalb_Unc5b,,Pvalb Vipr2,#FF197F,mPvalb_Vipr2,Pvalb Vipr2,#FF197F,Pvalb Vipr2,
57,57,57,Pvalb Vipr2_2,#F4358B,151,GABAergic,#C95170,Pvalb,#D93137,MGE,#CE4D36,Pvalb,#DB3143,I_29,#FF197F,Chandelier,#F4358B,Chandelier,17,MGE-Pvalb_Unc5b,MGE-Pvalb_Unc5b,,,Pvalb Vipr2,#FF197F,mPvalb_Vipr2,Pvalb Vipr2,#FF197F,Pvalb Vipr2,
58,58,58,L2/3 IT_1,#00FF34,1410,Glutamatergic,#3EA185,L2/3 IT,#C4EC04,IT projecting,#3ECB88,IT projecting,#3ECB88,E_12,#00FF34,L2/3 IT,#C4EC04,,18,L23-IT-Cux2,L23-IT-Cux2,,,L2/3 IT Greb1l,#00FF34,L23.a,L2/3_1,#00FF34,L2/3 IT VISp Adamts2,
59,59,59,L2/3 IT_2,#07D945,2004,Glutamatergic,#3EA185,L2/3 IT,#C4EC04,IT projecting,#3ECB88,IT projecting,#3ECB88,E_3,#07D945,L2/3 IT,#C4EC04,,18,L23-IT-Cux2,L23-IT-Cux2,,,L2/3 IT Greb1l,#00FF34,L23.a,L2/3_1,#00FF34,L2/3 IT ALM Sla,
60,60,60,L2/3 IT_3,#2EB934,18685,Glutamatergic,#3EA185,L2/3 IT,#C4EC04,IT projecting,#3ECB88,IT projecting,#3ECB88,E_3,#07D945,L2/3 IT,#C4EC04,,18,L23-IT-Cux2,L23-IT-Cux2,,,L2/3 IT Greb1l,#00FF34,L23.b,L2/3_2,#2EB934,L2/3 IT ALM Macc1 Lrg1,
61,61,61,L4/5 IT_1,#09CCC6,11871,Glutamatergic,#3EA185,L5 IT,#50B2AD,IT projecting,#3ECB88,IT projecting,#3ECB88,E_5,#09CCC6,L5 IT_1,#75C2BE,,19,L4-IT-Rorb_Rorb-Tenm2,L4-IT-Rorb_Rorb-Tenm2,,,L5 IT Rspo1_1,#09CCC6,L4,L4,#09CCC6,L5 IT ALM Pld5,
62,62,62,L4/5 IT_2,#52B8AA,8232,Glutamatergic,#3EA185,L5 IT,#50B2AD,IT projecting,#3ECB88,IT projecting,#3ECB88,E_10,#52B8AA,L5 IT_1,#75C2BE,,20,L4-IT-Rorb_Rorb-Tenm2-Ryr3,L4-IT-Rorb,,,L5 IT Rspo1_2,#52B8AA,L5.IT.a,L5 IT_1,#52B8AA,L5 IT ALM Lypd1 Gpr88,
63,63,63,L5 IT_1,#58D2C1,7421,Glutamatergic,#3EA185,L5 IT,#50B2AD,IT projecting,#3ECB88,IT projecting,#3ECB88,E_14,#58D2C1,L5 IT_2,#51B2AD,,21,L5-IT-Deptor,L5-IT-Deptor,,,L5 IT S100b,#58D2C1,L5.IT.b,L5 IT_2,#58D2C1,L5 IT ALM Cpa6 Gpr88,
64,64,64,L5 IT_2,#4A9F93,282,Glutamatergic,#3EA185,L5 IT,#50B2AD,IT projecting,#3ECB88,IT projecting,#3ECB88,E_8,#4A9F93,L5 IT_3,#408F8B,,21,L5-IT-Deptor,L5-IT-Deptor,,,L5 IT S100b,#58D2C1,L5.IT.b,L5 IT_2,#58D2C1,L5 IT ALM Gkn1 Pcdh19,
66,65,66,L5 IT_3,#4EAC9C,1394,Glutamatergic,#3EA185,L5 IT,#50B2AD,IT projecting,#3ECB88,IT projecting,#3ECB88,E_8,#4A9F93,L5 IT_1,#75C2BE,,22,L6-IT-Sulf1_Cables1,L6-IT-Sulf1_Cables1,,,L5/6 IT Arhgap15,#4EAC9C,L5.IT.b,L5 IT_2,#58D2C1,L5 IT VISp Col27a1,
67,66,67,L5 IT_4,#52B4B8,4040,Glutamatergic,#3EA185,L5 IT,#50B2AD,IT projecting,#3ECB88,IT projecting,#3ECB88,E_17,#52B4B8,L6 IT_2,#A19A24,,23,L6-IT-Sulf1_Meis2,L6-IT-Sulf1,,,L5 IT Pld5_2,#52B4B8,L6.IT,L6 IT,#52B4B8,L6 IT ALM Oprk1,
68,67,68,L6 IT_1,#B2AD23,1408,Glutamatergic,#3EA185,L6 IT,#A19922,IT projecting,#3ECB88,IT projecting,#3ECB88,E_6,#B2AD23,L6 IT_1,#B4AE50,,22,L6-IT-Sulf1_Cables1,L6-IT-Sulf1,,,L5/6 IT Arhgap15,#4EAC9C,L6.IT,L6 IT,#52B4B8,L6 IT VISp Penk Fst,
69,68,69,L6 IT_2,#81791F,2896,Glutamatergic,#3EA185,L6 IT,#A19922,IT projecting,#3ECB88,IT projecting,#3ECB88,E_6,#B2AD23,L6 IT_2,#A19A24,,24,L6-IT-Sulf1_Sulf1,L6-IT-Sulf1,,,L6 IT_2,#81791F,L6.IT,L6 IT,#52B4B8,L6 IT VISp Penk Col27a1,
70,69,70,L6 IT Car3,#5100FF,13,Glutamatergic,#3EA185,L6 IT Car3,#5100FF,IT projecting,#3ECB88,IT projecting,#3ECB88,E_21,#5100FF,L6 IT_3,#827B1B,,25,L6-IT-Sulf1_Pcdh15,L6-IT-Sulf1_Pcdh15,,,L6 IT Car3,#5100FF,NA,NA,#5100FF,L6 IT VISp Car3,
71,70,71,L5 PT_1,#0D5D7E,2943,Glutamatergic,#3EA185,L5 ET,#0D5B78,Non-IT projecting,#3E7782,Non-IT projecting,#3E7782,E_22,#0D5D7E,L5 ET_1,#407D94,L5 ET (Betz),26,L5-PT-Bcl6,L5-PT-Bcl6,,,L5 ET,#0D5D7E,L5.PT,L5 ET,#0D5D7E,L5 PT ALM Slco2a1,
72,71,72,L5 PT_2,#0B77A5,414,Glutamatergic,#3EA185,L5 ET,#0D5B78,Non-IT projecting,#3E7782,Non-IT projecting,#3E7782,E_4,#0B77A5,L5 ET_2,#0F5C79,L5 ET (Betz),26,L5-PT-Bcl6,L5-PT-Bcl6,,,L5 ET,#0D5D7E,L5.PT,L5 ET,#0D5D7E,L5 PT ALM Hpgd,
73,72,73,L5 PT_3,#0B8AA5,343,Glutamatergic,#3EA185,L5 ET,#0D5B78,Non-IT projecting,#3E7782,Non-IT projecting,#3E7782,E_4,#0B77A5,L5 ET_1,#407D94,L5 ET (Betz),26,L5-PT-Bcl6,L5-PT-Bcl6,,,L5 ET,#0D5D7E,L5.PT,L5 ET,#0D5D7E,L5 PT ALM Hpgd,
74,73,74,L5 PT_4,#0A75B1,820,Glutamatergic,#3EA185,L5 ET,#0D5B78,Non-IT projecting,#3E7782,Non-IT projecting,#3E7782,E_4,#0B77A5,L5 ET_1,#407D94,L5 ET (Betz),26,L5-PT-Bcl6,L5-PT-Bcl6,,,L5 ET,#0D5D7E,L5.PT,L5 ET,#0D5D7E,L5 PT ALM Npsr1,
87,74,87,L5/6 NP_1,#48CB80,553,Glutamatergic,#3EA185,L5/6 NP,#3E9E64,Non-IT projecting,#3ECB88,Non-IT projecting,#3ECB88,E_2,#48CB80,L5/6 NP,#3E9E64,,28,L6-NP-Tshz2,L6-NP-Tshz2,,,L5/6 NP Lypd1,#48CB80,NP,L5/6 NP,#1AAB99,L6b VISp Mup5,
88,75,88,L5/6 NP_2,#3C78BC,674,Glutamatergic,#3EA185,L5/6 NP,#3E9E64,Non-IT projecting,#3ECB88,Non-IT projecting,#3ECB88,E_2,#48CB80,L5/6 NP,#3E9E64,,28,L6-NP-Tshz2,L6-NP-Tshz2,,,L5/6 NP Lypd1,#48CB80,NP,L5/6 NP,#1AAB99,L6b ALM Olfr111 Nxph1; L6b P2ry12; L6b VISp Crh,
89,76,89,L5/6 NP_3,#47867A,1940,Glutamatergic,#3EA185,L5/6 NP,#3E9E64,Non-IT projecting,#3ECB88,Non-IT projecting,#3ECB88,E_2,#48CB80,L5/6 NP,#3E9E64,,28,L6-NP-Tshz2,L6-NP-Tshz2,,,L5/6 NP Lypd1,#48CB80,NP,L5/6 NP,#1AAB99,L6b Hsd17b2,
75,77,75,L5/6 NP CT,#1AAB99,233,Glutamatergic,#3EA185,L5/6 NP,#3E9E64,Non-IT projecting,#3ECB88,Non-IT projecting,#3ECB88,E_19,#1AAB99,L5 IT_3,#408F8B,,27,L6-CT-Foxp2_Spon1,L6-CT-Foxp2,,,L5/6 NP CT Cdh18,#1AAB99,NP,L5/6 NP,#1AAB99,L5 NP ALM Trhr Nefl,
76,78,76,L6 CT Gpr139,#168577,108,Glutamatergic,#3EA185,L6 CT,#2D8CB8,Non-IT projecting,#3E7782,Non-IT projecting,#3E7782,E_7,#168577,L6 CT_1,#59A4C7,,30,L6-CT-Foxp2_Foxp2-Wscd1,L6-CT-Foxp2_Foxp2-Wscd1,,,L6 CT Gpr139,#168577,L6.CT,L6 CT,#168577,L5 NP ALM Trhr Nefl,
77,79,77,L6 CT Cpa6,#338C5E,13388,Glutamatergic,#3EA185,L6 CT,#2D8CB8,Non-IT projecting,#3E7782,Non-IT projecting,#3E7782,E_1,#338C5E,L6 CT_2,#2F8DB8,,31,L6-CT-Foxp2_Foxp2-Kcnh5,L6-CT-Foxp2,,,L6 CT Cpa6,#338C5E,L6.CT,L6 CT,#168577,L6 NP ALM Trh,
78,80,78,L6 CT Grp,#2FBCE5,595,Glutamatergic,#3EA185,L6 CT,#2D8CB8,Non-IT projecting,#3E7782,Non-IT projecting,#3E7782,E_1,#338C5E,L6 CT_1,#59A4C7,,29,L6-CT-Foxp2_Foxp2-Glra2,L6-CT-Foxp2,,,L6 CT Grp,#2FBCE5,L6.CT,L6 CT,#168577,NA,
79,81,79,L6 CT Pou3f2,#3E766C,1966,Glutamatergic,#3EA185,L6 CT,#2D8CB8,Non-IT projecting,#3E7782,Non-IT projecting,#3E7782,E_1,#338C5E,L6 CT_1,#59A4C7,,32,L6-CT-Foxp2_Hcrtr2,L6-CT-Foxp2_Spon1,,,L6 CT Pou3f2,#3E766C,L6.CT,L6 CT,#168577,L6 CT VISp Gpr139,
80,82,80,L6 CT Kit_1,#516B78,175,Glutamatergic,#3EA185,L6 CT,#2D8CB8,Non-IT projecting,#3E7782,Non-IT projecting,#3E7782,E_1,#338C5E,L6 CT_1,#59A4C7,,27,L6-CT-Foxp2_Spon1,L6-CT-Foxp2_Spon1,,,L5/6 NP CT Cdh18,#516B78,L6.CT,L6 CT,#168577,L6 CT ALM Cpa6,
81,83,81,L6 CT Kit_2,#557361,29,Glutamatergic,#3EA185,L6 CT,#2D8CB8,Non-IT projecting,#3E7782,Non-IT projecting,#3E7782,E_19,#1AAB99,L6 CT_1,#59A4C7,,27,L6-CT-Foxp2_Spon1,L6-CT-Foxp2_Spon1,,,L5/6 NP CT Cdh18,#516B78,L6.CT,L6 CT,#168577,L6 CT VISp Nxph2 Wls,
82,84,82,L6b Col6a1,#69419D,449,Glutamatergic,#3EA185,L6b,#53377D,Non-IT projecting,#3E7782,Non-IT projecting,#3E7782,E_7,#168577,L6 CT_1,#59A4C7,,33,L6b-Galnt10,L6-CT-Foxp2,L6b-Galnt10,,L6b Ctgf,#69419D,L6.CT,L6 CT,#168577,L6 CT Nxph2 Sla,
83,85,83,L6b Shisa6_1,#46306A,256,Glutamatergic,#3EA185,L6b,#53377D,Non-IT projecting,#3E7782,Non-IT projecting,#3E7782,E_9,#46306A,L6b,#53377D,,33,L6b-Galnt10,L6b-Galnt10,,,L6b Ctgf,#69419D,NA,NA,#5100FF,NA,
84,86,84,L6b Shisa6_2,#464576,502,Glutamatergic,#3EA185,L6b,#53377D,Non-IT projecting,#3E7782,Non-IT projecting,#3E7782,E_11,#464576,L6b,#53377D,,33,L6b-Galnt10,L6b-Galnt10,,,L6b Ctgf,#69419D,NA,NA,#5100FF,NA,
85,87,85,L6b Ror1,#7044AA,596,Glutamatergic,#3EA185,L6b,#53377D,Non-IT projecting,#3E7782,Non-IT projecting,#3E7782,E_9,#46306A,L6b,#53377D,,33,L6b-Galnt10,L6b-Galnt10,,,L6b Ctgf,#69419D,NA,NA,#5100FF,L6b Col8a1 Rprm,
86,88,86,L6b Kcnip1,#573D90,93,Glutamatergic,#3EA185,L6b,#53377D,Non-IT projecting,#3E7782,Non-IT projecting,#3E7782,E_9,#46306A,L5/6 NP,#3E9E64,,33,L6b-Galnt10,L6b-Galnt10,,,L6b Ctgf,#69419D,NA,NA,#5100FF,L6b ALM Olfr111 Spon1; L6b VISp Col8a1 Rxfp1,
90,89,90,Meis2,#C60C0F,49,GABAergic,#C95170,Meis2,#FF0000,CGE/PoA,#C456AA,Lamp5/Other,#E37B97,I_28,#C60C0F,NA,NA,,NA,NA,MGE-Sst_Srrm4,,Meis2,NA,NA,NA,NA,#5100FF,Meis2 Adamts19,
91,90,91,Meis2_Top2a,#931010,47,GABAergic,#C95170,Meis2,#FF0000,CGE/PoA,#C456AA,Lamp5/Other,#E37B97,I_28,#C60C0F,NA,NA,,NA,NA,MGE-Sst_Srrm4,,Meis2,NA,NA,NA,NA,#5100FF,NA,Mitotic Meis2
93,91,93,Astro_Top2a,#332F26,81,Non-neuronal,#6D7A67,Astro,#665C47,Astrocyte,#696E50,Astrocyte,#696E50,N_11,#332F26,NA,NA,Peri-neuronal oligo?,36,NonN_Astro-Slc1a2,NonN_OPC-Pdgfra,,,Astro Rorb Prex2,#332F26,ASC,Astro,#332F26,Astro Aqp4,Mitotic astro
94,92,94,Astro Aqp4_Gfap,#5A503F,1700,Non-neuronal,#6D7A67,Astro,#665C47,Astrocyte,#696E50,Astrocyte,#696E50,N_7,#5A503F,Astro_1,#867E6E,ILA or fibrous astro,36,NonN_Astro-Slc1a2,NonN_VLMC-Slc6a13,,,Astro Rorb Prex2,#332F26,ASC,Astro,#332F26,Astro Aqp4,
95,93,95,Astro Aqp4_Slc7a10,#8D7C5D,16131,Non-neuronal,#6D7A67,Astro,#665C47,Astrocyte,#696E50,Astrocyte,#696E50,N_2,#8D7C5D,Astro_2,#675D48,Protoplasmic astro,36,NonN_Astro-Slc1a2,NonN_OPC-Pdgfra,,,Astro Rorb Prex2,#332F26,ASC,Astro,#332F26,OPC Pdgfra Grm5; OPC Pdgfra Ccnb1,
92,94,92,OPC Pdgfra,#2E3E39,4846,Non-neuronal,#6D7A67,OPC,#486159,Oligo-OPC,#598077,Oligo-OPC,#598077,N_5,#2E3E39,OPC,#486159,,38,NonN_OPC-Pdgfra,MGE-Sst_Srrm4,,Meis2,OPC Pdgfra,#2E3E39,OPC,OPC,#2E3E39,NA,
96,95,96,Oligo Enpp6_1,#374A45,117,Non-neuronal,#6D7A67,Oligo,#2E3E39,Oligo-OPC,#598077,Oligo-OPC,#598077,N_10,#374A45,NA,NA,,37,NonN_ODC-Mog,NonN_ODC-Mog,,,Oligo Plp1,#374A45,OGC,Oligo,#374A45,Oligo Rassf10,
97,96,97,Oligo Enpp6_2,#5E8A79,299,Non-neuronal,#6D7A67,Oligo,#2E3E39,Oligo-OPC,#598077,Oligo-OPC,#598077,N_5,#2E3E39,NA,NA,,NA,NA,NonN_ODC-Mog,,,NA,NA,OGC,Oligo,#374A45,Oligo Rassf10,
98,97,98,Oligo Enpp6_3,#3F574E,68,Non-neuronal,#6D7A67,Oligo,#2E3E39,Oligo-OPC,#598077,Oligo-OPC,#598077,N_10,#374A45,NA,NA,,37,NonN_ODC-Mog,NonN_ODC-Mog,,,Oligo Plp1,#374A45,OGC,Oligo,#374A45,Oligo Rassf10,
99,98,99,Oligo Enpp6_4,#65978A,131,Non-neuronal,#6D7A67,Oligo,#2E3E39,Oligo-OPC,#598077,Oligo-OPC,#598077,N_10,#374A45,Oligo_2,#303F3A,,37,NonN_ODC-Mog,,NonN_ODC-Mog,,Oligo Plp1,#374A45,OGC,Oligo,#374A45,Oligo Rassf10,
100,99,100,Oligo Opalin_1,#474662,3949,Non-neuronal,#6D7A67,Oligo,#2E3E39,Oligo-OPC,#598077,Oligo-OPC,#598077,N_1,#474662,Oligo_1,#5A6662,,37,NonN_ODC-Mog,NonN_Micro-Csf1r,NonN_ODC-Mog,,Oligo Plp1,#374A45,OGC,Oligo,#374A45,Oligo Serpinb1a,
101,100,101,Oligo Opalin_2,#6CA491,14454,Non-neuronal,#6D7A67,Oligo,#2E3E39,Oligo-OPC,#598077,Oligo-OPC,#598077,N_1,#474662,Oligo_2,#303F3A,,37,NonN_ODC-Mog,,NonN_ODC-Mog,,Oligo Plp1,#374A45,OGC,Oligo,#374A45,Oligo Serpinb1a,
102,101,102,Oligo Opalin_3,#4F7165,779,Non-neuronal,#6D7A67,Oligo,#2E3E39,Oligo-OPC,#598077,Oligo-OPC,#598077,N_1,#474662,Oligo_2,#303F3A,,37,NonN_ODC-Mog,,NonN_ODC-Mog,,Oligo Plp1,#374A45,OGC,Oligo,#374A45,Oligo Synpr,
103,102,103,Oligo Opalin_4,#72B09C,486,Non-neuronal,#6D7A67,Oligo,#2E3E39,Oligo-OPC,#598077,Oligo-OPC,#598077,N_1,#474662,Oligo_2,#303F3A,,37,NonN_ODC-Mog,,NonN_ODC-Mog,,Oligo Plp1,#374A45,OGC,Oligo,#374A45,Oligo Synpr,
104,103,104,Endo,#8D6A62,3134,Non-neuronal,#6D7A67,Endo,#8D6C62,Other NN,#99796B,Other NN,#99796B,N_6,#8D6A62,Endo,#8D6C62,,NA,NA,NonN_Astro-Slc1a2,,Endo,NA,NA,Endo,Endo,#8D6A62,Endo Ctla2a; Endo Cytl1,
105,104,105,VLMC_1,#3B3F32,156,Non-neuronal,#6D7A67,VLMC,#697255,Other NN,#99796B,Other NN,#99796B,N_3,#3B3F32,VLMC,#697255,,39,NonN_VLMC-Slc6a13,NonN_SMC-Myo1b,,,VLMC Lama1,#3B3F32,Other,VLMC,#3B3F32,VLMC Spp1 Col15a1,
106,105,106,VLMC_2,#697255,968,Non-neuronal,#6D7A67,VLMC,#697255,Other NN,#99796B,Other NN,#99796B,N_3,#3B3F32,VLMC,#697255,,39,NonN_VLMC-Slc6a13,NonN_SMC-Myo1b,,,VLMC Lama1,#3B3F32,Other,VLMC,#3B3F32,VLMC Osr1 Mc5r,
107,106,107,VLMC_3,#535944,226,Non-neuronal,#6D7A67,VLMC,#697255,Other NN,#99796B,Other NN,#99796B,N_3,#3B3F32,VLMC,#697255,,40,NonN_Endo-Nxn,NonN_SMC-Myo1b,,,VLMC Bnc2,#535944,Other,VLMC,#3B3F32,VLMC Spp1 Hs3st6,
108,107,108,VLMC_4,#535945,152,Non-neuronal,#6D7A67,VLMC,#697255,Other NN,#99796B,Other NN,#99796B,N_3,#3B3F32,VLMC,#697255,,39,NonN_VLMC-Slc6a13,NonN_SMC-Myo1b,,,VLMC Lama1,#3B3F32,Other,VLMC,#3B3F32,VLMC Spp1 Hs3st6,
109,108,109,VLMC_5,#535946,587,Non-neuronal,#6D7A67,VLMC,#697255,Other NN,#99796B,Other NN,#99796B,N_8,#535946,NA,NA,,40,NonN_Endo-Nxn,NonN_OPC-Pdgfra,,VLMC,VLMC Bnc2,#535944,Other,VLMC,#3B3F32,VLMC Osr1 Cd74,
110,109,110,VLMC_6,#535947,161,Non-neuronal,#6D7A67,VLMC,#697255,Other NN,#99796B,Other NN,#99796B,N_8,#535946,NA,NA,,40,NonN_Endo-Nxn,NonN_OPC-Pdgfra,,VLMC,VLMC Bnc2,#535944,Other,VLMC,#3B3F32,VLMC Osr1 Cd74,
111,110,111,VLMC_7,#535948,79,Non-neuronal,#6D7A67,VLMC,#697255,Other NN,#99796B,Other NN,#99796B,N_12,#535948,VLMC,#697255,,40,NonN_Endo-Nxn,NonN_OPC-Pdgfra,,VLMC,VLMC Bnc2,#535944,Other,VLMC,#3B3F32,VLMC Osr1 Cd74,
112,111,112,SMC,#A6906F,19,Non-neuronal,#6D7A67,SMC,#807059,Other NN,#99796B,Other NN,#99796B,N_9,#A6906F,NA,NA,,35,NonN_SMC-Myo1b,NonN_Astro-Slc1a2,,SMC,SMC-Peri,#A6906F,Smc,SMC-Peri,#A6906F,SMC Acta2,
113,112,113,Peri,#A77C70,1446,Non-neuronal,#6D7A67,Peri,#665547,Other NN,#99796B,Other NN,#99796B,N_9,#A6906F,NA,NA,,35,NonN_SMC-Myo1b,NonN_Astro-Slc1a2,,Peri,SMC-Peri,#A6906F,Smc,SMC-Peri,#A6906F,Peri Kcnj8,
114,113,114,Micro,#6E7C6F,7776,Non-neuronal,#6D7A67,Micro-PVM,#94AF97,Micro-PVM,#598069,Micro-PVM,#598069,N_4,#6E7C6F,Microglia/PVM,#94AF97,,34,NonN_Micro-Csf1r,NonN_Micro-Csf1r,,,Micro-PVM Inpp5d,#6E7C6F,MGC,Micro-PVM,#6E7C6F,Microglia Siglech,
115,114,115,PVM_1,#8BA38D,306,Non-neuronal,#6D7A67,Micro-PVM,#94AF97,Micro-PVM,#598069,Micro-PVM,#598069,N_4,#6E7C6F,Microglia/PVM,#94AF97,,NA,NA,NonN_ODC-Mog,,,NA,NA,MGC,Micro-PVM,#6E7C6F,PVM Mrc1,
116,115,116,PVM_2,#73967F,26,Non-neuronal,#6D7A67,Micro-PVM,#94AF97,Micro-PVM,#598069,Micro-PVM,#598069,N_4,#6E7C6F,Microglia/PVM,#94AF97,,34,NonN_Micro-Csf1r,NonN_ODC-Mog,,,Micro-PVM Inpp5d,#6E7C6F,MGC,Micro-PVM,#6E7C6F,PVM Mrc1,
117,116,117,PVM_3,#709F6D,21,Non-neuronal,#6D7A67,Micro-PVM,#94AF97,Micro-PVM,#598069,Micro-PVM,#598069,N_4,#6E7C6F,Microglia/PVM,#94AF97,,34,NonN_Micro-Csf1r,NonN_ODC-Mog,,,Micro-PVM Inpp5d,#6E7C6F,MGC,Micro-PVM,#6E7C6F,PVM Mrc1,